pnu,sgg_nm,emd_nm,jibun,jimok,area_m2,price_per_m2,owner_type,owner_subtype
1168010800102050007,강남구,논현동,205-7공,공원,1879.7,3373000,국유지,중앙부처
1168011400200630033,강남구,일원동,산63-33임,임야,1200,88500,시 도유지,지자체
1168010100108300023,강남구,역삼동,830-23공,공원,991.5,4992000,군유지,구분없음
1168010400100940004,강남구,청담동,94-4공,공원,1643.8,3107000,군유지,구분없음
1168011400106450014,강남구,일원동,645-14공,공원,2410.3,2313000,시 도유지,지자체
1168011400106580000,강남구,일원동,658공,공원,1613.8,2188000,군유지,구분없음
1168011400106660011,강남구,일원동,666-11공,공원,1978.5,2313000,시 도유지,지자체
1168010300101690003,강남구,개포동,169-3공,공원,1690.2,2240000,시 도유지,지자체
1168011400200630035,강남구,일원동,산63-35임,임야,833,97600,개인,구분없음
1168011400106870008,강남구,일원동,687-8공,공원,1337.1,2313000,시 도유지,지자체
1168010100106330013,강남구,역삼동,633-13공,공원,858.8,2661000,시 도유지,지자체
1168010100106350000,강남구,역삼동,635공,공원,13025.1,5566000,군유지,구분없음
1168010100106350001,강남구,역삼동,635-1공,공원,20091,6057000,군유지,구분없음
1168010300101180053,강남구,개포동,118-53전,전,21,1752000,국유지,중앙부처
1168010300105880002,강남구,개포동,588-2답,답,8,3718000,법인,구분없음
1168010600105980006,강남구,대치동,598-6공,공원,9.4,0,군유지,구분없음
1168010100106110000,강남구,역삼동,611공,공원,1647.1,2889000,군유지,구분없음
1168010100106630019,강남구,역삼동,663-19대,대,581.1,2937000,군유지,구분없음
1168010100106630020,강남구,역삼동,663-20대,대,603,2937000,군유지,구분없음
1168010100106660002,강남구,역삼동,666-2대,대,1537.7,2834000,군유지,구분없음
1168010100107110005,강남구,역삼동,711-5공,공원,576,6491000,군유지,구분없음
1168010100107130015,강남구,역삼동,713-15공,공원,1225.5,6293000,군유지,구분없음
1168010100107130016,강남구,역삼동,713-16공,공원,763.3,6293000,군유지,구분없음
1168010100107160005,강남구,역삼동,716-5공,공원,650,6491000,군유지,구분없음
1168010100107390015,강남구,역삼동,739-15공,공원,1635,3091000,군유지,구분없음
1168010100107540004,강남구,역삼동,754-4공,공원,1147.7,6491000,군유지,구분없음
1168010100107540007,강남구,역삼동,754-7공,공원,1038,6491000,군유지,구분없음
1168010100107540008,강남구,역삼동,754-8공,공원,72.8,6491000,군유지,구분없음
1168010100107550007,강남구,역삼동,755-7공,공원,1293.6,6491000,군유지,구분없음
1168010100107550009,강남구,역삼동,755-9공,공원,772.1,6491000,군유지,구분없음
1168010100107570001,강남구,역삼동,757-1공,공원,1580.6,6491000,군유지,구분없음
1168010100107630018,강남구,역삼동,763-18공,공원,604.1,2127000,군유지,구분없음
1168010100107650030,강남구,역삼동,765-30공,공원,262.3,6491000,군유지,구분없음
1168010100107800025,강남구,역삼동,780-25공,공원,1636.6,2127000,시 도유지,지자체
1168010100108000050,강남구,역삼동,800-50도,도로,0.2,0,군유지,구분없음
1168010100108240010,강남구,역삼동,824-10공,공원,953.9,7725000,군유지,구분없음
1168010100108240043,강남구,역삼동,824-43공,공원,33.3,7725000,시 도유지,지자체
1168010100108360021,강남구,역삼동,836-21공,공원,987.3,4194000,군유지,구분없음
1168010100109020001,강남구,역삼동,902-1공,공원,2543.3,6491000,군유지,구분없음
1168010100108580031,강남구,역삼동,858-31도,도로,2.8,5487000,시 도유지,지자체
1168010100108580043,강남구,역삼동,858-43도,도로,258,5487000,개인,구분없음
1168010100108580044,강남구,역삼동,858-44도,도로,140.7,5487000,시 도유지,지자체
1168010300100120003,강남구,개포동,12-3공,공원,2488.1,2240000,군유지,구분없음
1168010300100120007,강남구,개포동,12-7공,공원,1535.9,2240000,군유지,구분없음
1168010300100120008,강남구,개포동,12-8공,공원,3212.2,2078000,군유지,구분없음
1168010300100120011,강남구,개포동,12-11공,공원,182.1,2078000,군유지,구분없음
1168010300100130001,강남구,개포동,13-1공,공원,13568.3,2078000,군유지,구분없음
1168010300100130005,강남구,개포동,13-5공,공원,12851.4,2078000,군유지,구분없음
1168010300100840009,강남구,개포동,84-9답,답,96,428000,시 도유지,지자체
1168010300100840010,강남구,개포동,84-10도,도로,987,448400,시 도유지,지자체
1168010300100840012,강남구,개포동,84-12답,답,155,428000,시 도유지,지자체
1168010300100840013,강남구,개포동,84-13도,도로,335,448400,시 도유지,지자체
1168010300100850001,강남구,개포동,85-1답,답,43,1359000,개인,구분없음
1168010300100850004,강남구,개포동,85-4답,답,28,1359000,법인,구분없음
1168010300100850008,강남구,개포동,85-8답,답,1,1359000,법인,구분없음
1168010300100860000,강남구,개포동,86답,답,1395,1359000,개인,구분없음
1168010300100860004,강남구,개포동,86-4답,답,125,1359000,법인,구분없음
1168010300100870001,강남구,개포동,87-1답,답,67.75,1359000,개인,구분없음
1168010300100910012,강남구,개포동,91-12전,전,22,55700,시 도유지,지자체
1168010300100930001,강남구,개포동,93-1전,전,455,1359000,개인,구분없음
1168010300100930003,강남구,개포동,93-3전,전,85,428000,시 도유지,지자체
1168010300100940000,강남구,개포동,94전,전,956,1426000,개인,구분없음
1168010300100940001,강남구,개포동,94-1임,임야,1533,1250000,시 도유지,지자체
1168010300100950000,강남구,개포동,95답,답,394,1005000,개인,구분없음
1168010300100950006,강남구,개포동,95-6도,도로,364,150300,시 도유지,지자체
1168010300100950007,강남구,개포동,95-7도,도로,165,150300,시 도유지,지자체
1168010300100950009,강남구,개포동,95-9구,구거,179,1311000,군유지,구분없음
1168010300100950010,강남구,개포동,95-10도,도로,81,1005000,군유지,구분없음
1168010300100950011,강남구,개포동,95-11구,구거,194,1359000,군유지,구분없음
1168010300100950012,강남구,개포동,95-12구,구거,506,304300,군유지,구분없음
1168010300100950017,강남구,개포동,95-17전,전,311,555200,국유지,중앙부처
1168010300100950018,강남구,개포동,95-18도,도로,366,555200,국유지,중앙부처
1168010300100950022,강남구,개포동,95-22도,도로,49,1127000,군유지,구분없음
1168010300100950024,강남구,개포동,95-24도,도로,51,1359000,군유지,구분없음
1168010300100950025,강남구,개포동,95-25도,도로,4,555200,군유지,구분없음
1168010300100950027,강남구,개포동,95-27구,구거,482,677300,군유지,구분없음
1168010300100950030,강남구,개포동,95-30구,구거,15,428000,군유지,구분없음
1168010300100950031,강남구,개포동,95-31구,구거,14,448400,군유지,구분없음
1168010300100950032,강남구,개포동,95-32도,도로,10,428000,군유지,구분없음
1168010300100960000,강남구,개포동,96전,전,164,583000,개인,구분없음
1168010300100970000,강남구,개포동,97전,전,167.25,510000,개인,구분없음
1168010300100980000,강남구,개포동,98전,전,350,459000,개인,구분없음
1168010300100990005,강남구,개포동,99-5구,구거,256,211900,시 도유지,지자체
1168010300101000000,강남구,개포동,100전,전,876,455500,시 도유지,지자체
1168010300101010000,강남구,개포동,101전,전,641,555700,시 도유지,지자체
1168010300101020000,강남구,개포동,102전,전,509,555700,시 도유지,지자체
1168010300101030000,강남구,개포동,103전,전,516,377600,시 도유지,지자체
1168010300101040001,강남구,개포동,104-1전,전,2995,453900,시 도유지,지자체
1168010300101040002,강남구,개포동,104-2답,답,314,513000,시 도유지,지자체
1168010300101040003,강남구,개포동,104-3답,답,688,391000,시 도유지,지자체
1168010300101040004,강남구,개포동,104-4전,전,4736,337000,시 도유지,지자체
1168010300101050000,강남구,개포동,105답,답,1673,455500,시 도유지,지자체
1168010300101060000,강남구,개포동,106전,전,113,455500,시 도유지,지자체
1168010300101070000,강남구,개포동,107전,전,212,797100,개인,구분없음
1168010300101080000,강남구,개포동,108전,전,478,740600,개인,구분없음
1168010300101080001,강남구,개포동,108-1전,전,24,759300,시 도유지,지자체
1168010300101090000,강남구,개포동,109답,답,625,455500,시 도유지,지자체
1168010300101100000,강남구,개포동,110답,답,2486,437200,시 도유지,지자체
1168010300101110000,강남구,개포동,111전,전,407,311800,시 도유지,지자체
1168010300101120001,강남구,개포동,112-1답,답,1719,354500,시 도유지,지자체
1168010300101130000,강남구,개포동,113전,전,1808,310000,시 도유지,지자체
1168010300101140000,강남구,개포동,114전,전,340,288500,시 도유지,지자체
1168010300101150000,강남구,개포동,115전,전,635,288500,시 도유지,지자체
1168010300101150001,강남구,개포동,115-1도,도로,668,95200,시 도유지,지자체
1168010300101160000,강남구,개포동,116전,전,350,302900,시 도유지,지자체
1168010300101160001,강남구,개포동,116-1전,전,2853,288500,시 도유지,지자체
1168010300101160002,강남구,개포동,116-2전,전,985,306000,시 도유지,지자체
1168010300101160003,강남구,개포동,116-3전,전,1124,455500,시 도유지,지자체
1168010300101160004,강남구,개포동,116-4전,전,1008,296900,시 도유지,지자체
1168010300101170000,강남구,개포동,117전,전,896,288500,시 도유지,지자체
1168010300101180002,강남구,개포동,118-2전,전,89,265000,법인,구분없음
1168010300101180003,강남구,개포동,118-3전,전,169,265000,법인,구분없음
1168010300101180004,강남구,개포동,118-4답,답,1164,265000,법인,구분없음
1168010300101180005,강남구,개포동,118-5전,전,476,190000,법인,구분없음
1168010300101180006,강남구,개포동,118-6전,전,49.2,268000,개인,구분없음
1168010300101180007,강남구,개포동,118-7답,답,456,1152000,법인,구분없음
1168010300101180008,강남구,개포동,118-8답,답,314,1830000,법인,구분없음
1168010300101180009,강남구,개포동,118-9전,전,147,949000,법인,구분없음
1168010300101180010,강남구,개포동,118-10전,전,651,379200,법인,구분없음
1168010300101180012,강남구,개포동,118-12전,전,32,1752000,법인,구분없음
1168010300101180013,강남구,개포동,118-13전,전,489,398100,법인,구분없음
1168010300101180014,강남구,개포동,118-14전,전,228,424000,법인,구분없음
1168010300101180015,강남구,개포동,118-15답,답,307,265000,개인,구분없음
1168010300101180016,강남구,개포동,118-16전,전,112,265000,법인,구분없음
1168010300101180017,강남구,개포동,118-17전,전,1157,265000,법인,구분없음
1168010300101180018,강남구,개포동,118-18전,전,271,265000,법인,구분없음
1168010300101180019,강남구,개포동,118-19전,전,274,265000,법인,구분없음
1168010300101180020,강남구,개포동,118-20답,답,393,265000,개인,구분없음
1168010300101180021,강남구,개포동,118-21전,전,433,1752000,국유지,중앙부처
1168010300101180022,강남구,개포동,118-22전,전,132,1840000,법인,구분없음
1168010300101180023,강남구,개포동,118-23전,전,402,1822000,법인,구분없음
1168010300101180024,강남구,개포동,118-24전,전,177,1752000,국유지,중앙부처
1168010300101180025,강남구,개포동,118-25답,답,549,1726000,법인,구분없음
1168010300101180026,강남구,개포동,118-26답,답,119,1688000,법인,구분없음
1168010300101180027,강남구,개포동,118-27답,답,423,1839000,법인,구분없음
1168010300101180028,강남구,개포동,118-28답,답,522,2136000,법인,구분없음
1168010300101180029,강남구,개포동,118-29답,답,397,1769000,법인,구분없음
1168010300101180030,강남구,개포동,118-30답,답,21,1840000,법인,구분없음
1168010300101180031,강남구,개포동,118-31답,답,173,1752000,법인,구분없음
1168010300101180032,강남구,개포동,118-32답,답,272,1752000,군유지,구분없음
1168010300101180033,강남구,개포동,118-33답,답,268,1840000,군유지,구분없음
1168010300101180034,강남구,개포동,118-34답,답,113.25,1769000,개인,구분없음
1168010300101180035,강남구,개포동,118-35답,답,450,1940000,법인,구분없음
1168010300101180036,강남구,개포동,118-36답,답,69,980000,법인,구분없음
1168010300101180037,강남구,개포동,118-37답,답,119,428000,법인,구분없음
1168010300101180038,강남구,개포동,118-38답,답,1114,1080000,법인,구분없음
1168010300101180039,강남구,개포동,118-39답,답,374,1752000,법인,구분없음
1168010300101180040,강남구,개포동,118-40답,답,1710,1752000,법인,구분없음
1168010300101180041,강남구,개포동,118-41답,답,99,2061000,법인,구분없음
1168010300101180042,강남구,개포동,118-42답,답,255,1962000,법인,구분없음
1168010300101180043,강남구,개포동,118-43답,답,393,2061000,법인,구분없음
1168010300101180044,강남구,개포동,118-44전,전,681,548000,법인,구분없음
1168010300101180045,강남구,개포동,118-45전,전,73,265000,법인,구분없음
1168010300101180046,강남구,개포동,118-46전,전,65,1839000,법인,구분없음
1168010300101180047,강남구,개포동,118-47전,전,657,1987000,법인,구분없음
1168010300101180050,강남구,개포동,118-50답,답,193,2020000,법인,구분없음
1168010300101180051,강남구,개포동,118-51전,전,470,2970000,법인,구분없음
1168010300101180052,강남구,개포동,118-52전,전,323,1912000,법인,구분없음
1168010300101180056,강남구,개포동,118-56답,답,357,988900,법인,구분없음
1168010300101180057,강남구,개포동,118-57답,답,56,1400000,법인,구분없음
1168010300101180058,강남구,개포동,118-58답,답,393,988900,법인,구분없음
1168010300101180059,강남구,개포동,118-59답,답,673,988900,법인,구분없음
1168010300101180060,강남구,개포동,118-60답,답,131,988900,기타단체,구분없음
1168010300101180061,강남구,개포동,118-61답,답,68,988900,법인,구분없음
1168010300101180062,강남구,개포동,118-62전,전,514.5,379200,법인,구분없음
1168010300101180063,강남구,개포동,118-63전,전,1141,1107000,법인,구분없음
1168010300101180064,강남구,개포동,118-64전,전,590,1000000,법인,구분없음
1168010300101180065,강남구,개포동,118-65전,전,733,1000000,법인,구분없음
1168010300101180066,강남구,개포동,118-66전,전,1437.5,265000,법인,구분없음
1168010300101180068,강남구,개포동,118-68답,답,8,1020000,법인,구분없음
1168010300101180069,강남구,개포동,118-69답,답,3029,988900,법인,구분없음
1168010300101180070,강남구,개포동,118-70전,전,49,268000,개인,구분없음
1168010300101180071,강남구,개포동,118-71전,전,44.2,268000,개인,구분없음
1168010300101180072,강남구,개포동,118-72전,전,54,268000,개인,구분없음
1168010300101210000,강남구,개포동,121답,답,1027,2075000,법인,구분없음
1168010300101210002,강남구,개포동,121-2답,답,217.5,2380000,법인,구분없음
1168010300101210003,강남구,개포동,121-3답,답,5,1750000,법인,구분없음
1168010300101210004,강남구,개포동,121-4구,구거,84,663000,군유지,구분없음
1168010300101210005,강남구,개포동,121-5잡,잡종지,15,1380000,군유지,구분없음
1168010300101210006,강남구,개포동,121-6잡,잡종지,7,1410000,군유지,구분없음
1168010300101210007,강남구,개포동,121-7잡,잡종지,38,1380000,군유지,구분없음
1168010300101210014,강남구,개포동,121-14잡,잡종지,341,2760000,군유지,구분없음
1168010300101210016,강남구,개포동,121-16구,구거,136,665000,군유지,구분없음
1168010300101210017,강남구,개포동,121-17잡,잡종지,188,2300000,군유지,구분없음
1168010300101210018,강남구,개포동,121-18잡,잡종지,7,2300000,군유지,구분없음
1168010300101220002,강남구,개포동,122-2답,답,1054,2430000,법인,구분없음
1168010300101260007,강남구,개포동,126-7답,답,13,1767000,법인,구분없음
1168010300101320000,강남구,개포동,132전,전,264,302900,개인,구분없음
1168010300101290003,강남구,개포동,129-3전,전,5.5,1752000,개인,구분없음
1168010300101290004,강남구,개포동,129-4전,전,55,1840000,개인,구분없음
1168010300101290008,강남구,개포동,129-8답,답,6,1840000,법인,구분없음
1168010300101290009,강남구,개포동,129-9답,답,5,1840000,법인,구분없음
1168010300101310000,강남구,개포동,131전,전,1412,329100,개인,구분없음
1168010300101310001,강남구,개포동,131-1전,전,1666,382400,개인,구분없음
1168010300101330000,강남구,개포동,133전,전,30.87,329100,개인,구분없음
1168010300101330001,강남구,개포동,133-1전,전,1091,660800,개인,구분없음
1168010300101330002,강남구,개포동,133-2전,전,433,329100,개인,구분없음
1168010300101330003,강남구,개포동,133-3전,전,288,329100,국유지,중앙부처
1168010300101340006,강남구,개포동,134-6전,전,87,570900,시 도유지,지자체
1168010300101390000,강남구,개포동,139공,공원,90063.9,2240000,시 도유지,지자체
1168010300101420000,강남구,개포동,142공,공원,5452.8,2561000,시 도유지,지자체
1168010300101430013,강남구,개포동,143-13전,전,314,580800,시 도유지,지자체
1168010300101430014,강남구,개포동,143-14전,전,114,650000,개인,구분없음
1168010300101430015,강남구,개포동,143-15전,전,200,580800,시 도유지,지자체
1168010300101430016,강남구,개포동,143-16전,전,1113,650000,개인,구분없음
1168010300101430019,강남구,개포동,143-19전,전,5,551700,시 도유지,지자체
1168010300101430027,강남구,개포동,143-27전,전,10,448400,시 도유지,지자체
1168010300101430028,강남구,개포동,143-28전,전,28,1087000,시 도유지,지자체
1168010300101430029,강남구,개포동,143-29전,전,42,1170000,시 도유지,지자체
1168010300101430030,강남구,개포동,143-30전,전,18,1170000,법인,구분없음
1168010300101430031,강남구,개포동,143-31전,전,97,660000,시 도유지,지자체
1168010300101430032,강남구,개포동,143-32전,전,118,660000,시 도유지,지자체
1168010300101430033,강남구,개포동,143-33전,전,4,448400,시 도유지,지자체
1168010300101430034,강남구,개포동,143-34전,전,202,448400,시 도유지,지자체
1168010300101430035,강남구,개포동,143-35전,전,25,1114000,시 도유지,지자체
1168010300101430036,강남구,개포동,143-36전,전,17,448400,시 도유지,지자체
1168010300101430037,강남구,개포동,143-37전,전,15,448400,법인,구분없음
1168010300101440000,강남구,개포동,144공,공원,5794.4,2457000,시 도유지,지자체
1168010300101780003,강남구,개포동,178-3전,전,1012,668700,개인,구분없음
1168010300101780006,강남구,개포동,178-6전,전,648,670000,개인,구분없음
1168010300101780007,강남구,개포동,178-7전,전,21,448400,시 도유지,지자체
1168010300101780008,강남구,개포동,178-8전,전,17,1170000,시 도유지,지자체
1168010300101780009,강남구,개포동,178-9전,전,309,1114000,시 도유지,지자체
1168010300101780010,강남구,개포동,178-10전,전,4,1170000,시 도유지,지자체
1168010300101780011,강남구,개포동,178-11전,전,60,672000,시 도유지,지자체
1168010300101780012,강남구,개포동,178-12전,전,6,672000,시 도유지,지자체
1168010300101780013,강남구,개포동,178-13전,전,93,448400,시 도유지,지자체
1168010300101780014,강남구,개포동,178-14전,전,63,448400,시 도유지,지자체
1168010300101780015,강남구,개포동,178-15전,전,37,448400,시 도유지,지자체
1168010300101970003,강남구,개포동,197-3도,도로,158.7,0,군유지,구분없음
1168010300101800000,강남구,개포동,180공,공원,9987.7,2240000,시 도유지,지자체
1168010300101800001,강남구,개포동,180-1공,공원,305.3,2240000,시 도유지,지자체
1168010300101800002,강남구,개포동,180-2공,공원,926.2,2240000,시 도유지,지자체
1168010300101810000,강남구,개포동,181공,공원,11232.2,2240000,시 도유지,지자체
1168010300101810003,강남구,개포동,181-3공,공원,395,2240000,시 도유지,지자체
1168010300101820001,강남구,개포동,182-1공,공원,7293.8,2240000,시 도유지,지자체
1168010300101820004,강남구,개포동,182-4공,공원,2249.3,2240000,시 도유지,지자체
1168010300101820005,강남구,개포동,182-5공,공원,162.5,2240000,시 도유지,지자체
1168010300101830001,강남구,개포동,183-1공,공원,11993.6,2240000,시 도유지,지자체
1168010300101830002,강남구,개포동,183-2공,공원,512,2240000,시 도유지,지자체
1168010300101840001,강남구,개포동,184-1공,공원,1044.9,2561000,시 도유지,지자체
1168010300101840005,강남구,개포동,184-5공,공원,2.8,2561000,시 도유지,지자체
1168010300101840006,강남구,개포동,184-6공,공원,203.1,2561000,시 도유지,지자체
1168010300101910000,강남구,개포동,191공,공원,993.3,2561000,시 도유지,지자체
1168010300101910001,강남구,개포동,191-1공,공원,853.7,2561000,시 도유지,지자체
1168010300101910002,강남구,개포동,191-2공,공원,3730.5,2561000,시 도유지,지자체
1168010300101920000,강남구,개포동,192도,도로,4365,448400,시 도유지,지자체
1168010300105650002,강남구,개포동,565-2답,답,22,1227000,법인,구분없음
1168010300105660000,강남구,개포동,566전,전,2,2048000,개인,구분없음
1168010300105660001,강남구,개포동,566-1전,전,667,1227000,개인,구분없음
1168010300105680032,강남구,개포동,568-32구,구거,6,1761000,군유지,구분없음
1168010300105690013,강남구,개포동,569-13답,답,150,3517000,법인,구분없음
1168010300105690014,강남구,개포동,569-14답,답,294,3902000,법인,구분없음
1168010300105710005,강남구,개포동,571-5답,답,512,3321000,법인,구분없음
1168010300105710006,강남구,개포동,571-6답,답,879,3902000,법인,구분없음
1168010300105710008,강남구,개포동,571-8답,답,1091,3651000,법인,구분없음
1168010300105710016,강남구,개포동,571-16답,답,656,3346000,법인,구분없음
1168010300105710017,강남구,개포동,571-17답,답,122,3517000,법인,구분없음
1168010300105710018,강남구,개포동,571-18답,답,507,3362000,법인,구분없음
1168010300105710019,강남구,개포동,571-19답,답,15,3445000,법인,구분없음
1168010300105730000,강남구,개포동,573전,전,2083,4025000,군유지,구분없음
1168010300105730003,강남구,개포동,573-3차,주차장,205,3718000,군유지,구분없음
1168010300105730026,강남구,개포동,573-26잡,잡종지,107,3718000,군유지,구분없음
1168010300105740000,강남구,개포동,574전,전,433,3350000,군유지,구분없음
1168010300105870000,강남구,개포동,587전,전,145,3718000,법인,구분없음
1168010300105880000,강남구,개포동,588답,답,75,3902000,법인,구분없음
1168010300105880001,강남구,개포동,588-1답,답,29,3902000,법인,구분없음
1168010300105890000,강남구,개포동,589답,답,131,3902000,법인,구분없음
1168010300105890004,강남구,개포동,589-4구,구거,88,1105000,군유지,구분없음
1168010300105890005,강남구,개포동,589-5잡,잡종지,24,3718000,군유지,구분없음
1168010300105890006,강남구,개포동,589-6구,구거,39,1105000,군유지,구분없음
1168010300105890007,강남구,개포동,589-7구,구거,18,1105000,군유지,구분없음
1168010300105890017,강남구,개포동,589-17잡,잡종지,14,3902000,군유지,구분없음
1168010300105890018,강남구,개포동,589-18잡,잡종지,101,3718000,군유지,구분없음
1168010300105890019,강남구,개포동,589-19도,도로,20,1105000,시 도유지,지자체
1168010300105890027,강남구,개포동,589-27잡,잡종지,210,3718000,군유지,구분없음
1168010300105890032,강남구,개포동,589-32잡,잡종지,2,3718000,군유지,구분없음
1168010300105890035,강남구,개포동,589-35도,도로,5,1105000,군유지,구분없음
1168010300105890036,강남구,개포동,589-36잡,잡종지,15,3718000,군유지,구분없음
1168010300105890037,강남구,개포동,589-37도,도로,1,1105000,군유지,구분없음
1168010300105890044,강남구,개포동,589-44구,구거,32,1105000,군유지,구분없음
1168010300105890045,강남구,개포동,589-45잡,잡종지,9,3376000,군유지,구분없음
1168010300105890048,강남구,개포동,589-48잡,잡종지,353,3718000,군유지,구분없음
1168010300105890049,강남구,개포동,589-49잡,잡종지,230,3718000,군유지,구분없음
1168010300105890053,강남구,개포동,589-53잡,잡종지,4,3718000,시 도유지,지자체
1168010300105970005,강남구,개포동,597-5전,전,2,3718000,법인,구분없음
1168010300105990002,강남구,개포동,599-2전,전,339,3902000,개인,구분없음
1168010300106010001,강남구,개포동,601-1전,전,0.4,3718000,개인,구분없음
1168010300106060005,강남구,개포동,606-5전,전,210,3484000,법인,구분없음
1168010300106060006,강남구,개포동,606-6전,전,74.6,3484000,개인,구분없음
1168010300106150001,강남구,개포동,615-1답,답,284,217000,법인,구분없음
1168010300106220000,강남구,개포동,622답,답,175.5,521000,개인,구분없음
1168010300106220001,강남구,개포동,622-1도,도로,1563,67500,시 도유지,지자체
1168010300106220002,강남구,개포동,622-2답,답,24,519000,개인,구분없음
1168010300106230003,강남구,개포동,623-3답,답,444,619000,개인,구분없음
1168010300106230009,강남구,개포동,623-9답,답,158,619000,시 도유지,지자체
1168010300106230010,강남구,개포동,623-10임,임야,11.67,406000,개인,구분없음
1168010300106380001,강남구,개포동,638-1전,전,821,665400,시 도유지,지자체
1168010300106380005,강남구,개포동,638-5전,전,1058.67,623000,시 도유지,지자체
1168010300106380008,강남구,개포동,638-8전,전,202,568000,시 도유지,지자체
1168010300200660007,강남구,개포동,산66-7임,임야,32,55700,시 도유지,지자체
1168010300106470003,강남구,개포동,647-3도,도로,22494,67500,시 도유지,지자체
1168010300106470010,강남구,개포동,647-10도,도로,6521.9,67500,시 도유지,지자체
1168010300106490001,강남구,개포동,649-1공,공원,9367,2240000,시 도유지,지자체
1168010300106580003,강남구,개포동,658-3공,공원,1084,2561000,시 도유지,지자체
1168010300110420015,강남구,개포동,1042-15전,답,502,814000,개인,구분없음
1168010300110550011,강남구,개포동,1055-11도,도로,170,448400,군유지,구분없음
1168010300110550012,강남구,개포동,1055-12잡,잡종지,897,247000,법인,구분없음
1168010300110550014,강남구,개포동,1055-14전,전,416,396000,법인,구분없음
1168010300110550018,강남구,개포동,1055-18임,임야,1145,151000,법인,구분없음
1168010300110570002,강남구,개포동,1057-2전,전,68,267300,개인,구분없음
1168010300110570003,강남구,개포동,1057-3전,전,74,247000,개인,구분없음
1168010300110570010,강남구,개포동,1057-10임,임야,9,259700,개인,구분없음
1168010300110570011,강남구,개포동,1057-11임,임야,87,259700,개인,구분없음
1168010300110570012,강남구,개포동,1057-12도,도로,725,448400,시 도유지,지자체
1168010300110570014,강남구,개포동,1057-14임,임야,350,259700,개인,구분없음
1168010300110570017,강남구,개포동,1057-17전,전,116,221700,개인,구분없음
1168010300110630000,강남구,개포동,1063전,전,698,544000,개인,구분없음
1168010300110630001,강남구,개포동,1063-1전,전,368.5,379400,개인,구분없음
1168010300110630002,강남구,개포동,1063-2구,구거,593,421700,국유지,중앙부처
1168010300110640000,강남구,개포동,1064전,전,31,698500,개인,구분없음
1168010300202310008,강남구,개포동,산231-8구,구거,99,173000,국유지,중앙부처
1168010300111630009,강남구,개포동,1163-9공,공원,914,2309000,시 도유지,지자체
1168010300111640033,강남구,개포동,1164-33공,공원,4652.2,2561000,시 도유지,지자체
1168010300111760000,강남구,개포동,1176공,공원,1639.1,2240000,시 도유지,지자체
1168010300111760027,강남구,개포동,1176-27공,공원,30,2309000,시 도유지,지자체
1168010300111760028,강남구,개포동,1176-28잡,잡종지,30,2309000,시 도유지,지자체
1168010300111760029,강남구,개포동,1176-29공,공원,60,2561000,시 도유지,지자체
1168010300111910005,강남구,개포동,1191-5공,공원,410.4,2309000,시 도유지,지자체
1168010300111920008,강남구,개포동,1192-8공,공원,142.7,2309000,시 도유지,지자체
1168010300111930013,강남구,개포동,1193-13공,공원,141.2,2561000,시 도유지,지자체
1168010500101890001,강남구,삼성동,189-1공,공원,1320,2494000,군유지,구분없음
1168010300111940008,강남구,개포동,1194-8공,공원,624.9,2309000,시 도유지,지자체
1168010300112200000,강남구,개포동,1220공,공원,1641.7,2561000,시 도유지,지자체
1168010300112200020,강남구,개포동,1220-20공,공원,30.2,2309000,시 도유지,지자체
1168010300112200021,강남구,개포동,1220-21공,공원,30,2561000,시 도유지,지자체
1168010300112280007,강남구,개포동,1228-7공,공원,601.5,2309000,시 도유지,지자체
1168010300112290022,강남구,개포동,1229-22공,공원,580.2,2309000,시 도유지,지자체
1168010300112380010,강남구,개포동,1238-10공,공원,37.9,2309000,시 도유지,지자체
1168010300112390021,강남구,개포동,1239-21공,공원,3508.5,2240000,시 도유지,지자체
1168010300112480000,강남구,개포동,1248공,공원,1687.7,2240000,시 도유지,지자체
1168010300112510000,강남구,개포동,1251공,공원,3248.7,2240000,시 도유지,지자체
1168010300112660002,강남구,개포동,1266-2공,공원,702.6,2240000,시 도유지,지자체
1168010300112670001,강남구,개포동,1267-1대,대,3234.4,3610000,시 도유지,지자체
1168010300112670002,강남구,개포동,1267-2공,공원,4429.5,2240000,시 도유지,지자체
1168010300112710000,강남구,개포동,1271공,공원,50362.4,2240000,시 도유지,지자체
1168010300200460015,강남구,개포동,산46-15임,임야,3471,163300,법인,구분없음
1168010300112740000,강남구,개포동,1274공,공원,34642.8,2240000,시 도유지,지자체
1168010300112740001,강남구,개포동,1274-1공,공원,1847,2240000,시 도유지,지자체
1168010300112770001,강남구,개포동,1277-1도,도로,12587.8,55700,시 도유지,지자체
1168010300112800003,강남구,개포동,1280-3공,공원,2478,6184000,군유지,구분없음
1168010300112800004,강남구,개포동,1280-4공,공원,5627,6184000,군유지,구분없음
1168010300112810001,강남구,개포동,1281-1공,공원,4471.7,2240000,군유지,구분없음
1168010300112820003,강남구,개포동,1282-3공,공원,3653.4,2561000,군유지,구분없음
1168010300112820004,강남구,개포동,1282-4공,공원,1034,2240000,군유지,구분없음
1168010300112820005,강남구,개포동,1282-5공,공원,2200.5,2561000,군유지,구분없음
1168010300200460016,강남구,개포동,산46-16임,임야,1781,166700,개인,구분없음
1168010300200450011,강남구,개포동,산45-11임,임야,218.8,166700,개인,구분없음
1168010300200450013,강남구,개포동,산45-13임,임야,1126,166700,시 도유지,지자체
1168010300200460001,강남구,개포동,산46-1임,임야,562,163300,개인,구분없음
1168010300200460003,강남구,개포동,산46-3임,임야,830.5,163300,개인,구분없음
1168010300200460005,강남구,개포동,산46-5임,임야,3322,163300,개인,구분없음
1168010300200460006,강남구,개포동,산46-6임,임야,421.5,163300,개인,구분없음
1168010300200460007,강남구,개포동,산46-7임,임야,3471,163300,개인,구분없음
1168010300200460008,강남구,개포동,산46-8임,임야,3428,168900,종중,구분없음
1168010300200460009,강남구,개포동,산46-9임,임야,1190,163300,개인,구분없음
1168010300200460010,강남구,개포동,산46-10임,임야,3471,163300,개인,구분없음
1168010300200460011,강남구,개포동,산46-11임,임야,892.5,158200,개인,구분없음
1168010300200460012,강남구,개포동,산46-12임,임야,3769,158700,시 도유지,지자체
1168010300200460013,강남구,개포동,산46-13임,임야,436.5,166700,개인,구분없음
1168010300200460014,강남구,개포동,산46-14임,임야,1190,161900,개인,구분없음
1168010300200460017,강남구,개포동,산46-17임,임야,3373,163300,개인,구분없음
1168010300200460025,강남구,개포동,산46-25임,임야,529,166700,시 도유지,지자체
1168010300200460029,강남구,개포동,산46-29임,임야,25,166700,시 도유지,지자체
1168010300200460031,강남구,개포동,산46-31임,임야,468,208000,시 도유지,지자체
1168010300200460033,강남구,개포동,산46-33임,임야,149,213900,시 도유지,지자체
1168010300200460034,강남구,개포동,산46-34임,임야,98,166700,시 도유지,지자체
1168010300200460035,강남구,개포동,산46-35임,임야,740,207900,시 도유지,지자체
1168010300200460036,강남구,개포동,산46-36임,임야,137,166700,시 도유지,지자체
1168010300200460038,강남구,개포동,산46-38임,임야,2916,191800,시 도유지,지자체
1168010300200460040,강남구,개포동,산46-40임,임야,742,0,개인,구분없음
1168010300200460041,강남구,개포동,산46-41임,임야,676,0,시 도유지,지자체
1168010300200470000,강남구,개포동,산47임,임야,4066,161900,시 도유지,지자체
1168010300200480001,강남구,개포동,산48-1임,임야,13258,163300,시 도유지,지자체
1168010300200490000,강남구,개포동,산49임,임야,2083,144200,시 도유지,지자체
1168010300200500000,강남구,개포동,산50임,임야,942,144200,시 도유지,지자체
1168010300200510000,강남구,개포동,산51임,임야,368.43,150000,시 도유지,지자체
1168010300200520000,강남구,개포동,산52임,임야,694.33,160000,개인,구분없음
1168010300200530001,강남구,개포동,산53-1임,임야,50577,66900,국유지,중앙부처
1168010300200530026,강남구,개포동,산53-26도,도로,9866,67000,시 도유지,지자체
1168010300200530028,강남구,개포동,산53-28임,임야,10000,83100,군유지,구분없음
1168010300200530030,강남구,개포동,산53-30임,임야,10000,82300,군유지,구분없음
1168010300200530031,강남구,개포동,산53-31임,임야,10000,82300,군유지,구분없음
1168010300200530032,강남구,개포동,산53-32임,임야,10000,75100,군유지,구분없음
1168010300200530035,강남구,개포동,산53-35임,임야,29,1147000,법인,구분없음
1168010300200530036,강남구,개포동,산53-36임,임야,84,1235000,법인,구분없음
1168010300200530037,강남구,개포동,산53-37임,임야,492,1110000,법인,구분없음
1168010300201370003,강남구,개포동,산137-3임,임야,3391.5,214000,개인,구분없음
1168010300200530022,강남구,개포동,산53-22임,임야,357759.5,83500,법인,구분없음
1168010300200530025,강남구,개포동,산53-25임,임야,23802,67600,국유지,중앙부처
1168010300200530038,강남구,개포동,산53-38임,임야,2663,195000,법인,구분없음
1168010300200530039,강남구,개포동,산53-39임,임야,58,1110000,법인,구분없음
1168010300200530040,강남구,개포동,산53-40임,임야,14800,82500,군유지,구분없음
1168010300200530041,강남구,개포동,산53-41임,임야,6000,82300,시 도유지,지자체
1168010300200530042,강남구,개포동,산53-42임,임야,3500,550000,시 도유지,지자체
1168010300200530043,강남구,개포동,산53-43임,임야,750,490000,법인,구분없음
1168010300200530044,강남구,개포동,산53-44임,임야,1714,119700,시 도유지,지자체
1168010300200530045,강남구,개포동,산53-45임,임야,135,121200,법인,구분없음
1168010300200530046,강남구,개포동,산53-46임,임야,54.5,116500,법인,구분없음
1168010300200530047,강남구,개포동,산53-47임,임야,2346,670000,법인,구분없음
1168010300200530048,강남구,개포동,산53-48임,임야,286,165600,법인,구분없음
1168010300200530049,강남구,개포동,산53-49임,임야,160,165600,법인,구분없음
1168010300200530050,강남구,개포동,산53-50임,임야,142,159300,법인,구분없음
1168010300200530051,강남구,개포동,산53-51임,임야,493,116500,법인,구분없음
1168010300200530052,강남구,개포동,산53-52임,임야,232,124300,법인,구분없음
1168010300200530053,강남구,개포동,산53-53임,임야,2035,191000,법인,구분없음
1168010300200530059,강남구,개포동,산53-59임,임야,13544,278200,법인,구분없음
1168010300200530061,강남구,개포동,산53-61임,임야,16,236900,법인,구분없음
1168010300200540000,강남구,개포동,산54전,전,694,135500,개인,구분없음
1168010300200660006,강남구,개포동,산66-6임,임야,104,227800,시 도유지,지자체
1168010300200550001,강남구,개포동,산55-1임,임야,41355,194000,시 도유지,지자체
1168010300200560001,강남구,개포동,산56-1임,임야,3273,150000,시 도유지,지자체
1168010300200590001,강남구,개포동,산59-1임,임야,42,153000,시 도유지,지자체
1168010300200600000,강남구,개포동,산60임,임야,10365,160800,시 도유지,지자체
1168010300200610000,강남구,개포동,산61임,임야,3570,131000,시 도유지,지자체
1168010300200630005,강남구,개포동,산63-5임,임야,7636,160000,시 도유지,지자체
1168010300200630007,강남구,개포동,산63-7임,임야,519.4,240700,개인,구분없음
1168010300200630014,강남구,개포동,산63-14임,임야,3771,217700,시 도유지,지자체
1168010300200630015,강남구,개포동,산63-15임,임야,919,55700,시 도유지,지자체
1168010300200640005,강남구,개포동,산64-5임,임야,2254,163000,시 도유지,지자체
1168010300200650000,강남구,개포동,산65임,임야,4683,160000,법인,구분없음
1168010300200660002,강남구,개포동,산66-2임,임야,360,227800,개인,구분없음
1168010300200670001,강남구,개포동,산67-1임,임야,13091,214000,법인,구분없음
1168010300200670002,강남구,개포동,산67-2도,도로,922,0,국유지,중앙부처
1168010300200670004,강남구,개포동,산67-4도,도로,103,0,국유지,중앙부처
1168010300200670005,강남구,개포동,산67-5도,도로,64,0,국유지,중앙부처
1168010300200680006,강남구,개포동,산68-6임,임야,914,408000,개인,구분없음
1168010300200680007,강남구,개포동,산68-7임,임야,145,701200,시 도유지,지자체
1168010300200680008,강남구,개포동,산68-8임,임야,58,448400,시 도유지,지자체
1168010300200690002,강남구,개포동,산69-2임,임야,1271,308500,법인,구분없음
1168010300200690003,강남구,개포동,산69-3임,임야,923,746000,시 도유지,지자체
1168010300200690004,강남구,개포동,산69-4임,임야,56,448400,시 도유지,지자체
1168010300200710002,강남구,개포동,산71-2임,임야,4669,214000,법인,구분없음
1168010300200710003,강남구,개포동,산71-3임,임야,1023,512300,시 도유지,지자체
1168010300200710004,강남구,개포동,산71-4임,임야,193,448400,시 도유지,지자체
1168010300200720002,강남구,개포동,산72-2임,임야,3982,212000,법인,구분없음
1168010300200720003,강남구,개포동,산72-3임,임야,1072,512300,시 도유지,지자체
1168010300200720004,강남구,개포동,산72-4임,임야,438,448400,시 도유지,지자체
1168010300201360004,강남구,개포동,산136-4임,임야,7017,210000,법인,구분없음
1168010300201360005,강남구,개포동,산136-5임,임야,1250,512300,시 도유지,지자체
1168010300201360006,강남구,개포동,산136-6임,임야,504,448400,시 도유지,지자체
1168010300201370005,강남구,개포동,산137-5임,임야,569,646800,시 도유지,지자체
1168010300201370007,강남구,개포동,산137-7임,임야,2,448400,시 도유지,지자체
1168010300201420000,강남구,개포동,산142임,임야,6335.33,245000,개인,구분없음
1168010300201430000,강남구,개포동,산143임,임야,4116.5,141300,법인,구분없음
1168010300201430001,강남구,개포동,산143-1임,임야,792,872800,법인,구분없음
1168010300201440001,강남구,개포동,산144-1임,임야,4884,141300,법인,구분없음
1168010300201440002,강남구,개포동,산144-2임,임야,496,227000,개인,구분없음
1168010300201450000,강남구,개포동,산145임,임야,191.17,144200,개인,구분없음
1168010300201450001,강남구,개포동,산145-1임,임야,288.17,451400,개인,구분없음
1168010300201460001,강남구,개포동,산146-1임,임야,3995.5,141300,법인,구분없음
1168010300201460002,강남구,개포동,산146-2임,임야,3216,607000,법인,구분없음
1168010300201480001,강남구,개포동,산148-1임,임야,269.14,167900,개인,구분없음
1168010300201480003,강남구,개포동,산148-3임,임야,14624,180800,법인,구분없음
1168010300201480004,강남구,개포동,산148-4임,임야,550,252800,법인,구분없음
1168010300201490001,강남구,개포동,산149-1임,임야,8308.5,148300,법인,구분없음
1168010300201560002,강남구,개포동,산156-2임,임야,1225.33,139200,개인,구분없음
1168010300201490002,강남구,개포동,산149-2임,임야,4279,417300,법인,구분없음
1168010300201520001,강남구,개포동,산152-1임,임야,45,190800,개인,구분없음
1168010300201530000,강남구,개포동,산153임,임야,566.06,151500,개인,구분없음
1168010300201530001,강남구,개포동,산153-1구,구거,88,154400,국유지,중앙부처
1168010300201540003,강남구,개포동,산154-3임,임야,360,154400,개인,구분없음
1168010300201570001,강남구,개포동,산157-1임,임야,569.5,142100,개인,구분없음
1168010300201570002,강남구,개포동,산157-2임,임야,10914.33,149900,개인,구분없음
1168010300201570003,강남구,개포동,산157-3임,임야,286,154400,개인,구분없음
1168010300201570007,강남구,개포동,산157-7임,임야,85,226000,시 도유지,지자체
1168010300201570008,강남구,개포동,산157-8임,임야,194,226000,시 도유지,지자체
1168010300201580000,강남구,개포동,산158임,임야,198.33,251000,개인,구분없음
1168010300201640000,강남구,개포동,산164임,임야,3319.33,226000,개인,구분없음
1168010300201640002,강남구,개포동,산164-2도,도로,15231,55700,시 도유지,지자체
1168010300201640003,강남구,개포동,산164-3임,임야,4.33,258000,개인,구분없음
1168010300201650002,강남구,개포동,산165-2임,임야,443,251000,개인,구분없음
1168010300201760006,강남구,개포동,산176-6임,임야,3186.25,149000,개인,구분없음
1168010300201760007,강남구,개포동,산176-7임,임야,732,251000,시 도유지,지자체
1168010300201760018,강남구,개포동,산176-18임,임야,4348,126500,시 도유지,지자체
1168010300201770001,강남구,개포동,산177-1임,임야,3563,150100,개인,구분없음
1168010300201770002,강남구,개포동,산177-2임,임야,297.5,133000,개인,구분없음
1168010300201770003,강남구,개포동,산177-3임,임야,541,157000,개인,구분없음
1168010300201770004,강남구,개포동,산177-4임,임야,420,157000,시 도유지,지자체
1168010300201780002,강남구,개포동,산178-2임,임야,149,208800,개인,구분없음
1168010300201800006,강남구,개포동,산180-6임,임야,621.43,204800,개인,구분없음
1168010300201800009,강남구,개포동,산180-9임,임야,2517,208800,개인,구분없음
1168010300202070000,강남구,개포동,산207임,임야,4218,204800,법인,구분없음
1168010300202070001,강남구,개포동,산207-1임,임야,827,208800,시 도유지,지자체
1168010300202080002,강남구,개포동,산208-2임,임야,170,208800,개인,구분없음
1168010300202100000,강남구,개포동,산210임,임야,758,136200,개인,구분없음
1168010300202110000,강남구,개포동,산211임,임야,5990.38,127000,개인,구분없음
1168010300202110001,강남구,개포동,산211-1임,임야,8824,126000,국유지,중앙부처
1168010300202110002,강남구,개포동,산211-2임,임야,19429,126000,국유지,중앙부처
1168010300202110003,강남구,개포동,산211-3임,임야,62872,126000,국유지,구분없음
1168010300202110004,강남구,개포동,산211-4임,임야,113448,126000,국유지,구분없음
1168010300202120002,강남구,개포동,산212-2임,임야,13549,183700,개인,구분없음
1168010300202120007,강남구,개포동,산212-7임,임야,4925,180100,개인,구분없음
1168010300202120008,강남구,개포동,산212-8임,임야,1987,192900,개인,구분없음
1168010300202120009,강남구,개포동,산212-9임,임야,5474,0,개인,구분없음
1168010300202120010,강남구,개포동,산212-10임,임야,1826,0,시 도유지,지자체
1168010300202120011,강남구,개포동,산212-11임,임야,678,0,개인,구분없음
1168010300202170004,강남구,개포동,산217-4임,임야,4445,182600,종중,구분없음
1168010300202170007,강남구,개포동,산217-7도,도로,243,0,국유지,중앙부처
1168010300202180001,강남구,개포동,산218-1임,임야,8481,180000,법인,구분없음
1168010300202230009,강남구,개포동,산223-9임,임야,1506,170000,법인,구분없음
1168010300202310004,강남구,개포동,산231-4임,임야,694,208800,개인,구분없음
1168010300202310005,강남구,개포동,산231-5임,임야,1686,153000,법인,구분없음
1168010300202310006,강남구,개포동,산231-6임,임야,1785,172000,법인,구분없음
1168010300202320002,강남구,개포동,산232-2임,임야,761,348100,개인,구분없음
1168010300202320003,강남구,개포동,산232-3임,임야,471,170000,개인,구분없음
1168010400100510000,강남구,청담동,51공,공원,1642.1,2494000,군유지,구분없음
1168010400100660000,강남구,청담동,66공,공원,16923.1,2494000,군유지,구분없음
1168010400100660001,강남구,청담동,66-1공,공원,6514.9,2494000,군유지,구분없음
1168010400100660003,강남구,청담동,66-3공,공원,24533.3,2494000,시 도유지,지자체
1168010400100660004,강남구,청담동,66-4공,공원,11134.9,2494000,법인,구분없음
1168010400100660006,강남구,청담동,66-6공,공원,240.8,2494000,국유지,중앙부처
1168011200101440017,강남구,자곡동,144-17답,답,1,0,국유지,중앙부처
1168010400101340013,강남구,청담동,134-13공,공원,4730.9,2494000,시 도유지,지자체
1168010400101340015,강남구,청담동,134-15대,대,0.9,21800000,개인,구분없음
1168010400101340019,강남구,청담동,134-19도,도로,320,3166000,시 도유지,지자체
1168010400101340028,강남구,청담동,134-28도,도로,33.4,3190000,시 도유지,지자체
1168010400101340030,강남구,청담동,134-30대,대,228.4,2494000,군유지,구분없음
1168010400101340039,강남구,청담동,134-39공,공원,3184.2,3290000,군유지,구분없음
1168010400101340040,강남구,청담동,134-40공,공원,850.1,3251000,군유지,구분없음
1168010400101340042,강남구,청담동,134-42도,도로,74.1,3766000,군유지,구분없음
1168010400101350000,강남구,청담동,135도,도로,3085.8,542100,시 도유지,지자체
1168010400101350003,강남구,청담동,135-3도,도로,555.9,542100,국유지,중앙부처
1168010400101350011,강남구,청담동,135-11도,도로,418.5,542100,개인,구분없음
1168010400101350012,강남구,청담동,135-12도,도로,264.9,542100,시 도유지,지자체
1168010400101350013,강남구,청담동,135-13도,도로,123.7,542100,개인,구분없음
1168010400101350015,강남구,청담동,135-15도,도로,1452.3,542100,국유지,중앙부처
1168010400101350022,강남구,청담동,135-22도,도로,199.1,542100,국유지,중앙부처
1168010400101360000,강남구,청담동,136공,공원,830.7,314100,시 도유지,지자체
1168011200104400197,강남구,자곡동,440-197임,임야,3,650000,법인,구분없음
1168010400101390035,강남구,청담동,139-35도,도로,54.6,542100,군유지,구분없음
1168010400101390036,강남구,청담동,139-36도,도로,400.1,542100,군유지,구분없음
1168010400101470000,강남구,청담동,147잡,잡종지,4889.5,314100,시 도유지,지자체
1168010500100070004,강남구,삼성동,7-4공,공원,679.3,3445000,군유지,구분없음
1168010500100110003,강남구,삼성동,11-3공,공원,1592.9,3445000,군유지,구분없음
1168010500100140000,강남구,삼성동,14공,공원,1469.2,3445000,군유지,구분없음
1168010500100160004,강남구,삼성동,16-4대,대,1799.5,3445000,군유지,구분없음
1168011300100880003,강남구,율현동,88-3전,전,3,0,법인,구분없음
1168011400104330004,강남구,일원동,433-4답,답,1,376500,시 도유지,지자체
1168010500100730003,강남구,삼성동,73-3종,종교용지,314.7,5895000,종교단체,구분없음
1168011800105500000,강남구,도곡동,550공,공원,3183.3,1960000,시 도유지,지자체
1168010500100500003,강남구,삼성동,50-3대,대,1343,7181000,군유지,구분없음
1168010500100550001,강남구,삼성동,55-1공,공원,1641.4,2494000,군유지,구분없음
1168010500100800003,강남구,삼성동,80-3도,도로,1550.4,542100,국유지,구분없음
1168010500100730000,강남구,삼성동,73종,종교용지,61428,5895000,종교단체,구분없음
1168010500100730001,강남구,삼성동,73-1종,종교용지,1722.2,5895000,종교단체,구분없음
1168010500100730002,강남구,삼성동,73-2종,종교용지,553.08,5895000,종교단체,구분없음
1168010500100750000,강남구,삼성동,75공,공원,9405.4,2494000,군유지,구분없음
1168010500100790001,강남구,삼성동,79-1대,대,5858.8,7472000,시 도유지,지자체
1168010500100800000,강남구,삼성동,80도,도로,17662.1,542100,시 도유지,지자체
1168010500100800009,강남구,삼성동,80-9도,도로,2360.3,542100,국유지,구분없음
1168010500100810000,강남구,삼성동,81도,도로,4896.5,542100,시 도유지,지자체
1168010500100810001,강남구,삼성동,81-1도,도로,5741.4,542100,시 도유지,지자체
1168010500100810004,강남구,삼성동,81-4제,제방,6826.3,542100,시 도유지,지자체
1168010500100810005,강남구,삼성동,81-5도,도로,97.2,542100,시 도유지,지자체
1168010500100820000,강남구,삼성동,82수,수도용지,15770.7,7472000,시 도유지,지자체
1168010500100850000,강남구,삼성동,85공,공원,1462.9,3455000,군유지,구분없음
1168010500101110000,강남구,삼성동,111도,도로,283.9,542100,군유지,구분없음
1168010500101110001,강남구,삼성동,111-1도,도로,112.2,542100,군유지,구분없음
1168010500101110005,강남구,삼성동,111-5도,도로,369,3268000,군유지,구분없음
1168010500101110006,강남구,삼성동,111-6도,도로,55.7,3266000,군유지,구분없음
1168010500101110011,강남구,삼성동,111-11도,도로,11614.7,3508000,시 도유지,지자체
1168010500101110186,강남구,삼성동,111-186도,도로,1870.7,3537000,시 도유지,지자체
1168010500101110197,강남구,삼성동,111-197도,도로,544.5,3458000,군유지,구분없음
1168010500101350006,강남구,삼성동,135-6대,대,322.3,2494000,개인,구분없음
1168010500101310000,강남구,삼성동,131공,공원,183059.2,2494000,국유지,중앙부처
1168010500101310001,강남구,삼성동,131-1공,공원,925.2,2494000,국유지,중앙부처
1168010500101320000,강남구,삼성동,132공,공원,1408.9,2494000,국유지,중앙부처
1168010500101320004,강남구,삼성동,132-4공,공원,371.1,2494000,국유지,중앙부처
1168010500101330000,강남구,삼성동,133공,공원,27170.4,2494000,국유지,중앙부처
1168010500101330002,강남구,삼성동,133-2대,대,1171.9,2494000,개인,구분없음
1168010500101350002,강남구,삼성동,135-2대,대,287.2,2494000,국유지,중앙부처
1168010500101350004,강남구,삼성동,135-4대,대,2760.9,2494000,국유지,중앙부처
1168010500101370000,강남구,삼성동,137공,공원,21711.9,2494000,국유지,중앙부처
1168010500101380013,강남구,삼성동,138-13대,대,687.7,2494000,국유지,중앙부처
1168010500101380015,강남구,삼성동,138-15대,대,390.4,2494000,국유지,중앙부처
1168010500101710004,강남구,삼성동,171-4대,대,2892.7,3458000,시 도유지,지자체
1168010500101720002,강남구,삼성동,172-2도,도로,2186.7,3537000,군유지,구분없음
1168010500101720112,강남구,삼성동,172-112도,도로,651.9,3537000,시 도유지,지자체
1168010500101850003,강남구,삼성동,185-3도,도로,21733,542100,국유지,중앙부처
1168010500101860007,강남구,삼성동,186-7천,하천,3830,542100,국유지,구분없음
1168010600100130009,강남구,대치동,13-9도,도로,735,3705000,시 도유지,지자체
1168010600100500070,강남구,대치동,50-70도,도로,932,3705000,국유지,중앙부처
1168010600100500085,강남구,대치동,50-85도,도로,21,3705000,국유지,중앙부처
1168010600102120007,강남구,대치동,212-7임,임야,2205,3287000,시 도유지,지자체
1168010600102080006,강남구,대치동,208-6공,공원,2059,3287000,군유지,구분없음
1168010600102120001,강남구,대치동,212-1공,공원,6623,3287000,군유지,구분없음
1168010600102120006,강남구,대치동,212-6공,공원,89,3287000,군유지,구분없음
1168010600102120011,강남구,대치동,212-11공,공원,2271,3287000,시 도유지,지자체
1168010600102120015,강남구,대치동,212-15공,공원,268,0,군유지,구분없음
1168010600104480001,강남구,대치동,448-1공,공원,6.3,3287000,시 도유지,지자체
1168010600104490000,강남구,대치동,449공,공원,520.2,3287000,군유지,구분없음
1168010600105000001,강남구,대치동,500-1공,공원,420.9,3679000,시 도유지,지자체
1168010600105000003,강남구,대치동,500-3공,공원,1178.1,3679000,시 도유지,지자체
1168010600105000004,강남구,대치동,500-4잡,잡종지,88.5,3679000,시 도유지,지자체
1168010600105010000,강남구,대치동,501공,공원,19812.3,3036000,시 도유지,지자체
1168010600105040003,강남구,대치동,504-3공,공원,2529.5,2240000,시 도유지,지자체
1168010600105040008,강남구,대치동,504-8공,공원,69,2240000,시 도유지,지자체
1168010600105040009,강남구,대치동,504-9공,공원,61.2,2240000,시 도유지,지자체
1168010600105070004,강남구,대치동,507-4공,공원,1223.7,3679000,시 도유지,지자체
1168010600105070005,강남구,대치동,507-5잡,잡종지,157.2,3679000,시 도유지,지자체
1168010600105070006,강남구,대치동,507-6잡,잡종지,84.3,3679000,시 도유지,지자체
1168010600105080002,강남구,대치동,508-2공,공원,1431.1,2240000,시 도유지,지자체
1168010600105110001,강남구,대치동,511-1공,공원,854.4,3036000,시 도유지,지자체
1168010600105110003,강남구,대치동,511-3공,공원,295.9,3036000,시 도유지,지자체
1168010600105120000,강남구,대치동,512공,공원,10408.9,3036000,시 도유지,지자체
1168010600105120001,강남구,대치동,512-1공,공원,1933.4,2799000,시 도유지,지자체
1168010600105980000,강남구,대치동,598공,공원,672,3287000,군유지,구분없음
1168010600105980003,강남구,대치동,598-3답,답,246.4,3287000,군유지,구분없음
1168010600105130002,강남구,대치동,513-2공,공원,3169,2240000,시 도유지,지자체
1168010600105130004,강남구,대치동,513-4도,도로,1155.9,3705000,시 도유지,지자체
1168010600105140001,강남구,대치동,514-1공,공원,385.5,3036000,시 도유지,지자체
1168010600105140002,강남구,대치동,514-2공,공원,7627.2,2240000,시 도유지,지자체
1168010600105140004,강남구,대치동,514-4잡,잡종지,572,3036000,시 도유지,지자체
1168010600105980005,강남구,대치동,598-5공,공원,665.5,0,군유지,구분없음
1168010600105990001,강남구,대치동,599-1공,공원,196.4,3287000,시 도유지,지자체
1168010600106000003,강남구,대치동,600-3도,도로,158.4,1951000,시 도유지,지자체
1168010600106140001,강남구,대치동,614-1공,공원,351.6,6757000,군유지,구분없음
1168010600108880003,강남구,대치동,888-3공,공원,1688.1,3705000,군유지,구분없음
1168010600108990025,강남구,대치동,899-25공,공원,1618.7,2466000,군유지,구분없음
1168010600109290010,강남구,대치동,929-10공,공원,1649.1,2466000,군유지,구분없음
1168010600109460005,강남구,대치동,946-5대,대,0.3,72060000,시 도유지,지자체
1168010600109650033,강남구,대치동,965-33대,대,225.1,7474000,법인,구분없음
1168010600109650035,강남구,대치동,965-35대,대,168.8,7474000,법인,구분없음
1168010600110200001,강남구,대치동,1020-1대,대,2190.6,22250000,개인,구분없음
1168010600110200002,강남구,대치동,1020-2대,대,795.2,22250000,시 도유지,지자체
1168010600110140004,강남구,대치동,1014-4공,공원,992.2,2918000,군유지,구분없음
1168010600110270001,강남구,대치동,1027-1공,공원,3845,3705000,군유지,구분없음
1168010600110280001,강남구,대치동,1028-1공,공원,990,3705000,군유지,구분없음
1168010600110290002,강남구,대치동,1029-2공,공원,302,3705000,군유지,구분없음
1168010600110290003,강남구,대치동,1029-3공,공원,481,3287000,군유지,구분없음
1168010600110300001,강남구,대치동,1030-1공,공원,595.5,2628000,군유지,구분없음
1168010600110330000,강남구,대치동,1033공,공원,3428.4,0,군유지,구분없음
1168010600110340000,강남구,대치동,1034공,공원,334.7,0,군유지,구분없음
1168010600110350000,강남구,대치동,1035공,공원,1381.7,0,군유지,구분없음
1168010700104900001,강남구,신사동,490-1천,하천,1558,0,국유지,구분없음
1168010700105580000,강남구,신사동,558공,공원,1240.1,2881000,군유지,구분없음
1168010700105670037,강남구,신사동,567-37공,공원,1001.1,4468000,군유지,구분없음
1168010700105970000,강남구,신사동,597공,공원,992.9,4468000,군유지,구분없음
1168010700106090002,강남구,신사동,609-2공,공원,991.3,4016000,군유지,구분없음
1168010700106250005,강남구,신사동,625-5공,공원,1641.8,3953000,군유지,구분없음
1168010700106490009,강남구,신사동,649-9공,공원,29816.5,3132000,군유지,구분없음
1168010800100260000,강남구,논현동,26공,공원,29883.7,2428000,시 도유지,지자체
1168010800100470013,강남구,논현동,47-13공,공원,1014.5,2917000,군유지,구분없음
1168010800101370018,강남구,논현동,137-18공,공원,986,2698000,군유지,구분없음
1168010800101500005,강남구,논현동,150-5공,공원,1652.9,2428000,군유지,구분없음
1168010800101620011,강남구,논현동,162-11공,공원,956.7,2698000,군유지,구분없음
1168010800102390000,강남구,논현동,239공,공원,1819.9,2428000,국유지,중앙부처
1168010800102630023,강남구,논현동,263-23공,공원,1498.5,2428000,군유지,구분없음
1168010800102760002,강남구,논현동,276-2공,공원,800,4831000,군유지,구분없음
1168011000103860001,강남구,압구정동,386-1도,도로,49895.1,314100,시 도유지,지자체
1168011000103870000,강남구,압구정동,387도,도로,14618.4,314100,시 도유지,지자체
1168011000103880000,강남구,압구정동,388도,도로,11965.5,314100,시 도유지,지자체
1168011000103900000,강남구,압구정동,390도,도로,22618.9,314100,시 도유지,지자체
1168011000103910000,강남구,압구정동,391도,도로,3593,3702000,시 도유지,지자체
1168011000104660000,강남구,압구정동,466공,공원,3.37,2494000,개인,구분없음
1168011000103950000,강남구,압구정동,395도,도로,2450.9,3588000,시 도유지,지자체
1168011000104220000,강남구,압구정동,422공,공원,6801.5,2494000,시 도유지,지자체
1168011000104280000,강남구,압구정동,428학,학교용지,13968.3,10730000,군유지,구분없음
1168011000104790000,강남구,압구정동,479공,공원,4282.3,314100,시 도유지,지자체
1168011000104790001,강남구,압구정동,479-1공,공원,1413.3,314100,국유지,중앙부처
1168011000104800000,강남구,압구정동,480공,공원,7775.1,2494000,시 도유지,지자체
1168011000104970000,강남구,압구정동,497공,공원,8223,314100,시 도유지,지자체
1168011000104980000,강남구,압구정동,498공,공원,6005.8,314100,시 도유지,지자체
1168011000105050000,강남구,압구정동,505공,공원,6165.2,314100,시 도유지,지자체
1168011000105060000,강남구,압구정동,506공,공원,97.5,314100,시 도유지,지자체
1168011000105070000,강남구,압구정동,507공,공원,2132.4,314100,시 도유지,지자체
1168011000105090000,강남구,압구정동,509도,도로,161.6,4055000,시 도유지,지자체
1168011000105100000,강남구,압구정동,510대,대,18.46,23530000,개인,구분없음
1168011100100390001,강남구,세곡동,39-1전,전,407,422800,국유지,중앙부처
1168011100100390008,강남구,세곡동,39-8전,전,51,888000,국유지,중앙부처
1168011100100390009,강남구,세곡동,39-9전,전,273,888000,개인,구분없음
1168011100100390010,강남구,세곡동,39-10전,전,143,888000,시 도유지,지자체
1168011100100390016,강남구,세곡동,39-16전,전,430,422800,국유지,중앙부처
1168011100100390017,강남구,세곡동,39-17전,전,179,422800,국유지,중앙부처
1168011100100420001,강남구,세곡동,42-1전,전,1502,888000,개인,구분없음
1168011100100430001,강남구,세곡동,43-1답,답,2126,574100,개인,구분없음
1168011100100430002,강남구,세곡동,43-2답,답,156,678000,개인,구분없음
1168011100100430003,강남구,세곡동,43-3답,답,217,642300,개인,구분없음
1168011100100930005,강남구,세곡동,93-5전,전,5,204700,군유지,구분없음
1168011100100980001,강남구,세곡동,98-1도,도로,3160,527100,시 도유지,지자체
1168011100100990002,강남구,세곡동,99-2답,답,13,0,법인,구분없음
1168011100101150013,강남구,세곡동,115-13도,도로,3544,371900,시 도유지,지자체
1168011100101160031,강남구,세곡동,116-31도,도로,255,371900,법인,구분없음
1168011100101170002,강남구,세곡동,117-2도,도로,50,0,법인,구분없음
1168011100101200004,강남구,세곡동,120-4대,대,2,0,법인,구분없음
1168011100101220014,강남구,세곡동,122-14도,도로,2425.5,0,법인,구분없음
1168011100101260001,강남구,세곡동,126-1도,도로,17,371900,국유지,중앙부처
1168011100101260002,강남구,세곡동,126-2도,도로,185,371900,시 도유지,지자체
1168011100101270001,강남구,세곡동,127-1도,도로,119,396700,국유지,중앙부처
1168011100101270002,강남구,세곡동,127-2도,도로,119,629000,국유지,중앙부처
1168011100101280003,강남구,세곡동,128-3도,도로,1134,507600,시 도유지,지자체
1168011100101280020,강남구,세곡동,128-20도,도로,115,371900,법인,구분없음
1168011100101290013,강남구,세곡동,129-13공,공원,845,1585000,시 도유지,지자체
1168011100101300002,강남구,세곡동,130-2도,도로,13648,371900,시 도유지,지자체
1168011100101310002,강남구,세곡동,131-2도,도로,40,371900,시 도유지,지자체
1168011100101310006,강남구,세곡동,131-6전,전,1,0,법인,구분없음
1168011100101340001,강남구,세곡동,134-1도,도로,1204,395600,시 도유지,지자체
1168011100101340002,강남구,세곡동,134-2도,도로,215,371900,국유지,중앙부처
1168011100101350009,강남구,세곡동,135-9도,도로,82.2,0,법인,구분없음
1168011100101400001,강남구,세곡동,140-1도,도로,7,0,법인,구분없음
1168011100101410004,강남구,세곡동,141-4대,대,2,0,법인,구분없음
1168011100105080002,강남구,세곡동,508-2도,도로,123.2,2368000,군유지,구분없음
1168011100105080003,강남구,세곡동,508-3잡,잡종지,1141.1,2368000,군유지,구분없음
1168011100101620009,강남구,세곡동,162-9도,도로,52,371900,군유지,구분없음
1168011100101640004,강남구,세곡동,164-4공,공원,18,1585000,군유지,구분없음
1168011100102380001,강남구,세곡동,238-1잡,잡종지,133.64,209400,개인,구분없음
1168011100102380002,강남구,세곡동,238-2잡,잡종지,254.5,219400,개인,구분없음
1168011100102380009,강남구,세곡동,238-9잡,잡종지,13,209400,개인,구분없음
1168011100102380010,강남구,세곡동,238-10잡,잡종지,85,209400,개인,구분없음
1168011100102380011,강남구,세곡동,238-11잡,잡종지,231,209400,개인,구분없음
1168011100102380012,강남구,세곡동,238-12잡,잡종지,688,209400,개인,구분없음
1168011100102380013,강남구,세곡동,238-13잡,잡종지,198,219400,개인,구분없음
1168011100102380014,강남구,세곡동,238-14잡,잡종지,347,217200,개인,구분없음
1168011100102380015,강남구,세곡동,238-15잡,잡종지,321,217200,개인,구분없음
1168011100102380016,강남구,세곡동,238-16잡,잡종지,278,217200,개인,구분없음
1168011100102380017,강남구,세곡동,238-17잡,잡종지,744,219400,개인,구분없음
1168011100102380018,강남구,세곡동,238-18잡,잡종지,149,219400,개인,구분없음
1168011100102380019,강남구,세곡동,238-19잡,잡종지,175,217200,개인,구분없음
1168011100102380020,강남구,세곡동,238-20잡,잡종지,311,217200,개인,구분없음
1168011100102380021,강남구,세곡동,238-21잡,잡종지,410,217200,개인,구분없음
1168011100102380022,강남구,세곡동,238-22잡,잡종지,169,219400,개인,구분없음
1168011100102380023,강남구,세곡동,238-23잡,잡종지,142.2,217200,개인,구분없음
1168011100102380024,강남구,세곡동,238-24잡,잡종지,502.5,219400,개인,구분없음
1168011100102380027,강남구,세곡동,238-27전,전,195,193000,외국인 외국공공기관,구분없음
1168011100102380028,강남구,세곡동,238-28잡,잡종지,320.6,219400,개인,구분없음
1168011100102380029,강남구,세곡동,238-29잡,잡종지,337,217200,개인,구분없음
1168011100102380040,강남구,세곡동,238-40잡,잡종지,608,219400,개인,구분없음
1168011100102380041,강남구,세곡동,238-41잡,잡종지,106,217200,개인,구분없음
1168011100102380106,강남구,세곡동,238-106구,구거,123,69100,군유지,구분없음
1168011100102610001,강남구,세곡동,261-1잡,잡종지,241.25,220700,개인,구분없음
1168011100102610002,강남구,세곡동,261-2잡,잡종지,251,217200,개인,구분없음
1168011100102610003,강남구,세곡동,261-3잡,잡종지,314,217200,개인,구분없음
1168011100102610004,강남구,세곡동,261-4잡,잡종지,46.5,219400,개인,구분없음
1168011100102610005,강남구,세곡동,261-5잡,잡종지,364,217200,개인,구분없음
1168011100102610006,강남구,세곡동,261-6잡,잡종지,385,219400,개인,구분없음
1168011100102610007,강남구,세곡동,261-7잡,잡종지,209.33,219400,개인,구분없음
1168011100102610008,강남구,세곡동,261-8잡,잡종지,820,219400,개인,구분없음
1168011100102610009,강남구,세곡동,261-9잡,잡종지,351.8,219400,개인,구분없음
1168011100102610010,강남구,세곡동,261-10잡,잡종지,175,219400,개인,구분없음
1168011100102610011,강남구,세곡동,261-11잡,잡종지,220,219400,개인,구분없음
1168011100102610012,강남구,세곡동,261-12잡,잡종지,106,219400,개인,구분없음
1168011100102610013,강남구,세곡동,261-13잡,잡종지,258,219400,개인,구분없음
1168011100102610014,강남구,세곡동,261-14잡,잡종지,826,219400,개인,구분없음
1168011100102610015,강남구,세곡동,261-15잡,잡종지,142,219400,개인,구분없음
1168011100102610016,강남구,세곡동,261-16전,전,255,191000,개인,구분없음
1168011100102610017,강남구,세곡동,261-17잡,잡종지,291,219400,개인,구분없음
1168011100102610018,강남구,세곡동,261-18종,종교용지,1420,219400,법인,구분없음
1168011100102610019,강남구,세곡동,261-19잡,잡종지,298,219400,개인,구분없음
1168011100102610020,강남구,세곡동,261-20잡,잡종지,486,219400,개인,구분없음
1168011100102610021,강남구,세곡동,261-21잡,잡종지,264,219400,개인,구분없음
1168011100102610022,강남구,세곡동,261-22잡,잡종지,443,219400,개인,구분없음
1168011100102610023,강남구,세곡동,261-23잡,잡종지,463,219400,개인,구분없음
1168011100102610024,강남구,세곡동,261-24잡,잡종지,374,219400,개인,구분없음
1168011100102610025,강남구,세곡동,261-25잡,잡종지,291,219400,개인,구분없음
1168011100102610026,강남구,세곡동,261-26잡,잡종지,108.5,219400,개인,구분없음
1168011100102610027,강남구,세곡동,261-27잡,잡종지,276,219400,개인,구분없음
1168011100102610028,강남구,세곡동,261-28잡,잡종지,185,219400,개인,구분없음
1168011100104650029,강남구,세곡동,465-29대,대,819,371900,국유지,중앙부처
1168011100104680028,강남구,세곡동,468-28도,도로,900,371900,국유지,구분없음
1168011100104680029,강남구,세곡동,468-29천,하천,519,371900,국유지,중앙부처
1168011100104680030,강남구,세곡동,468-30도,도로,592,371900,국유지,중앙부처
1168011100104680038,강남구,세곡동,468-38도,도로,247,231300,시 도유지,지자체
1168011100104680039,강남구,세곡동,468-39임,임야,231,371900,시 도유지,지자체
1168011100104680040,강남구,세곡동,468-40임,임야,81,371900,시 도유지,지자체
1168011100104680041,강남구,세곡동,468-41임,임야,916,231500,시 도유지,지자체
1168011100104680042,강남구,세곡동,468-42임,임야,262,371900,시 도유지,지자체
1168011100104680043,강남구,세곡동,468-43도,도로,865,371900,시 도유지,지자체
1168011100104680044,강남구,세곡동,468-44임,임야,786,231500,시 도유지,지자체
1168011100104680045,강남구,세곡동,468-45천,임야,108,231500,시 도유지,지자체
1168011100104680046,강남구,세곡동,468-46임,임야,308,371900,시 도유지,지자체
1168011100104680047,강남구,세곡동,468-47도,도로,230,231300,시 도유지,지자체
1168011100104700007,강남구,세곡동,470-7전,전,471,193000,외국인 외국공공기관,구분없음
1168011100104750005,강남구,세곡동,475-5도,도로,261,316900,국유지,구분없음
1168011100104750013,강남구,세곡동,475-13잡,잡종지,273.25,219400,개인,구분없음
1168011100104750014,강남구,세곡동,475-14잡,잡종지,502.43,212800,개인,구분없음
1168011100104750015,강남구,세곡동,475-15잡,잡종지,3258,217200,법인,구분없음
1168011100104750018,강남구,세곡동,475-18답,답,64,957900,국유지,중앙부처
1168011100104750026,강남구,세곡동,475-26잡,잡종지,806,219400,국유지,중앙부처
1168011100104750027,강남구,세곡동,475-27잡,잡종지,2527,217200,국유지,중앙부처
1168011100104750028,강남구,세곡동,475-28도,도로,371,957900,시 도유지,지자체
1168011100104750029,강남구,세곡동,475-29도,도로,1583,371900,시 도유지,지자체
1168011100104750030,강남구,세곡동,475-30답,답,115,909400,국유지,중앙부처
1168011100105080001,강남구,세곡동,508-1잡,잡종지,1264.3,2368000,군유지,구분없음
1168011100105110001,강남구,세곡동,511-1잡,잡종지,3049.6,2368000,군유지,구분없음
1168011100105160001,강남구,세곡동,516-1잡,잡종지,1522.8,2368000,군유지,구분없음
1168011100105160002,강남구,세곡동,516-2잡,잡종지,1511.3,2368000,군유지,구분없음
1168011100105160005,강남구,세곡동,516-5도,도로,40.4,2368000,군유지,구분없음
1168011100105160006,강남구,세곡동,516-6잡,잡종지,1518.3,2368000,군유지,구분없음
1168011100105160009,강남구,세곡동,516-9잡,잡종지,297,2368000,군유지,구분없음
1168011100105160010,강남구,세곡동,516-10도,도로,36.8,2368000,군유지,구분없음
1168011100105160011,강남구,세곡동,516-11잡,잡종지,253.7,2368000,군유지,구분없음
1168011100105160013,강남구,세곡동,516-13도,도로,70.3,2368000,군유지,구분없음
1168011100105160015,강남구,세곡동,516-15잡,잡종지,88.7,2368000,군유지,구분없음
1168011100105220001,강남구,세곡동,522-1공,공원,2645.1,2368000,군유지,구분없음
1168011100105260002,강남구,세곡동,526-2공,공원,2633.1,2113000,군유지,구분없음
1168011100105260003,강남구,세곡동,526-3잡,잡종지,145.2,2113000,군유지,구분없음
1168011100105250001,강남구,세곡동,525-1공,공원,10310.4,873200,군유지,구분없음
1168011100105490000,강남구,세곡동,549공,공원,1199.2,1096000,군유지,구분없음
1168011100105250004,강남구,세곡동,525-4잡,잡종지,4789.4,2113000,군유지,구분없음
1168011100105250005,강남구,세곡동,525-5잡,잡종지,38.2,2113000,군유지,구분없음
1168011100105250006,강남구,세곡동,525-6도,도로,77.9,2113000,군유지,구분없음
1168011100105250007,강남구,세곡동,525-7잡,잡종지,2443.4,2113000,군유지,구분없음
1168011100105300000,강남구,세곡동,530도,도로,133.2,0,군유지,구분없음
1168011100105310000,강남구,세곡동,531잡,잡종지,633.9,659600,군유지,구분없음
1168011100105320000,강남구,세곡동,532도,도로,137.9,0,군유지,구분없음
1168011100105340000,강남구,세곡동,534잡,잡종지,1934.3,2674000,군유지,구분없음
1168011100105350000,강남구,세곡동,535잡,잡종지,1260.9,2674000,군유지,구분없음
1168011100105360000,강남구,세곡동,536잡,잡종지,2246.9,2674000,군유지,구분없음
1168011100105370000,강남구,세곡동,537공,공원,3713.3,1096000,군유지,구분없음
1168011100105380000,강남구,세곡동,538잡,잡종지,5657.3,1096000,군유지,구분없음
1168011100105400000,강남구,세곡동,540공,공원,1496.5,1091000,군유지,구분없음
1168011100105420000,강남구,세곡동,542잡,잡종지,228.2,1592000,군유지,구분없음
1168011100105430000,강남구,세곡동,543잡,잡종지,2358.9,1592000,군유지,구분없음
1168011100105450000,강남구,세곡동,545잡,잡종지,3285.4,1592000,군유지,구분없음
1168011100105460000,강남구,세곡동,546공,공원,2483.5,1096000,군유지,구분없음
1168011100105480000,강남구,세곡동,548공,공원,4282.7,1096000,군유지,구분없음
1168011100105610000,강남구,세곡동,561잡,잡종지,266.1,1417000,군유지,구분없음
1168011100105780000,강남구,세곡동,578잡,잡종지,1424.1,1417000,군유지,구분없음
1168011100105800000,강남구,세곡동,580잡,잡종지,4606.1,2674000,군유지,구분없음
1168011100106030000,강남구,세곡동,603공,공원,18856.7,1096000,군유지,구분없음
1168011100106040000,강남구,세곡동,604공,공원,6961.4,1096000,군유지,구분없음
1168011100106180000,강남구,세곡동,618공,공원,3437.8,1096000,군유지,구분없음
1168011100200010007,강남구,세곡동,산1-7임,임야,15249,51300,군유지,구분없음
1168011100200520058,강남구,세곡동,산52-58임,임야,266,281000,법인,구분없음
1168011100200510036,강남구,세곡동,산51-36임,임야,2400,211100,국유지,중앙부처
1168011100200510040,강남구,세곡동,산51-40임,임야,2266.67,371900,국유지,중앙부처
1168011100200510041,강남구,세곡동,산51-41임,임야,795,371900,국유지,중앙부처
1168011100200520001,강남구,세곡동,산52-1임,임야,321567,179800,법인,구분없음
1168011100200520047,강남구,세곡동,산52-47임,임야,2403,128800,국유지,중앙부처
1168011100200520054,강남구,세곡동,산52-54임,임야,353,128200,법인,구분없음
1168011200100240006,강남구,자곡동,24-6잡,잡종지,58,0,법인,구분없음
1168011200100240011,강남구,자곡동,24-11도,도로,91,0,군유지,구분없음
1168011200100240012,강남구,자곡동,24-12도,도로,72,0,군유지,구분없음
1168011200100480004,강남구,자곡동,48-4잡,잡종지,5,0,시 도유지,지자체
1168011200100480015,강남구,자곡동,48-15잡,잡종지,16,0,시 도유지,지자체
1168011200101000018,강남구,자곡동,100-18도,도로,61,0,군유지,구분없음
1168011200101030001,강남구,자곡동,103-1답,답,129,0,법인,구분없음
1168011200101040000,강남구,자곡동,104답,답,64,0,법인,구분없음
1168011200101040005,강남구,자곡동,104-5답,답,76,0,법인,구분없음
1168011200101050005,강남구,자곡동,105-5답,답,25,0,국유지,중앙부처
1168011200101050006,강남구,자곡동,105-6답,답,108,0,국유지,중앙부처
1168011200101070001,강남구,자곡동,107-1답,답,586,0,국유지,중앙부처
1168011200101070002,강남구,자곡동,107-2답,답,119,0,법인,구분없음
1168011200101080000,강남구,자곡동,108답,답,7,0,법인,구분없음
1168011200101080001,강남구,자곡동,108-1답,답,1398,0,국유지,중앙부처
1168011200101090004,강남구,자곡동,109-4답,답,826,0,국유지,중앙부처
1168011200101110002,강남구,자곡동,111-2답,답,660,0,국유지,중앙부처
1168011200101110003,강남구,자곡동,111-3답,답,383,0,국유지,중앙부처
1168011200101120000,강남구,자곡동,112답,답,46,0,국유지,중앙부처
1168011200101120001,강남구,자곡동,112-1답,답,394,0,국유지,중앙부처
1168011200101120002,강남구,자곡동,112-2답,답,79,0,국유지,중앙부처
1168011200101130000,강남구,자곡동,113답,답,2645,0,국유지,중앙부처
1168011200101130001,강남구,자곡동,113-1구,구거,272,0,국유지,중앙부처
1168011200101130002,강남구,자곡동,113-2답,답,63,0,법인,구분없음
1168011200101130004,강남구,자곡동,113-4답,답,790,0,국유지,중앙부처
1168011200101140001,강남구,자곡동,114-1답,답,1328,0,국유지,중앙부처
1168011200101140005,강남구,자곡동,114-5답,답,5,0,국유지,중앙부처
1168011200101160001,강남구,자곡동,116-1답,답,17,0,국유지,중앙부처
1168011200101160002,강남구,자곡동,116-2답,답,285,0,국유지,중앙부처
1168011200101160008,강남구,자곡동,116-8답,답,33,0,국유지,중앙부처
1168011200101160009,강남구,자곡동,116-9답,답,709,0,국유지,중앙부처
1168011200101190000,강남구,자곡동,119답,답,609,0,법인,구분없음
1168011200101190003,강남구,자곡동,119-3답,답,299,0,국유지,중앙부처
1168011200101190004,강남구,자곡동,119-4답,답,121,0,국유지,중앙부처
1168011200101200000,강남구,자곡동,120답,답,691,0,국유지,중앙부처
1168011200101200001,강남구,자곡동,120-1답,답,79,0,국유지,중앙부처
1168011200101200002,강남구,자곡동,120-2답,답,542,0,국유지,중앙부처
1168011200101210000,강남구,자곡동,121답,답,1386,0,법인,구분없음
1168011200101280001,강남구,자곡동,128-1답,답,1593,0,법인,구분없음
1168011200101280002,강남구,자곡동,128-2답,답,925,0,법인,구분없음
1168011200101280004,강남구,자곡동,128-4답,답,233,0,국유지,중앙부처
1168011200101280005,강남구,자곡동,128-5답,답,40,0,국유지,구분없음
1168011200101280006,강남구,자곡동,128-6답,답,151,0,국유지,중앙부처
1168011200101290001,강남구,자곡동,129-1전,전,497,0,법인,구분없음
1168011200101290002,강남구,자곡동,129-2답,답,112,0,법인,구분없음
1168011200101290003,강남구,자곡동,129-3답,답,4,0,법인,구분없음
1168011200101290004,강남구,자곡동,129-4전,전,29,0,국유지,중앙부처
1168011200101290005,강남구,자곡동,129-5답,답,171,0,국유지,중앙부처
1168011200101300001,강남구,자곡동,130-1답,답,496,0,법인,구분없음
1168011200101300003,강남구,자곡동,130-3답,답,1124,0,법인,구분없음
1168011200101310000,강남구,자곡동,131답,답,294.5,0,국유지,중앙부처
1168011200101310001,강남구,자곡동,131-1답,답,2376,0,국유지,중앙부처
1168011200101320000,강남구,자곡동,132답,답,191.75,0,법인,구분없음
1168011200101320001,강남구,자곡동,132-1답,답,2340,0,국유지,중앙부처
1168011200101320002,강남구,자곡동,132-2답,답,33.8,0,법인,구분없음
1168011200101320003,강남구,자곡동,132-3답,답,225,0,국유지,중앙부처
1168011200101320004,강남구,자곡동,132-4답,답,492,0,국유지,중앙부처
1168011200101330000,강남구,자곡동,133답,답,2826,0,국유지,중앙부처
1168011200101340004,강남구,자곡동,134-4답,답,1275,0,국유지,중앙부처
1168011200101340005,강남구,자곡동,134-5답,답,1131,0,국유지,중앙부처
1168011200101340006,강남구,자곡동,134-6답,답,56,0,국유지,중앙부처
1168011200101360001,강남구,자곡동,136-1답,답,1728,0,국유지,중앙부처
1168011200101360004,강남구,자곡동,136-4답,답,1793,0,국유지,구분없음
1168011200101360005,강남구,자곡동,136-5답,답,125,0,국유지,중앙부처
1168011200101370005,강남구,자곡동,137-5답,답,43,0,국유지,중앙부처
1168011200101380001,강남구,자곡동,138-1답,답,905,0,법인,구분없음
1168011200101390003,강남구,자곡동,139-3답,답,381,0,국유지,중앙부처
1168011200101390007,강남구,자곡동,139-7답,답,169,0,국유지,중앙부처
1168011200101400004,강남구,자곡동,140-4답,답,546,0,국유지,중앙부처
1168011200101400005,강남구,자곡동,140-5답,답,2364,0,국유지,중앙부처
1168011200101420003,강남구,자곡동,142-3답,답,2395,0,국유지,중앙부처
1168011200101400008,강남구,자곡동,140-8잡,잡종지,183,0,법인,구분없음
1168011200101400009,강남구,자곡동,140-9도,도로,110,0,군유지,구분없음
1168011200101400010,강남구,자곡동,140-10도,도로,238,0,군유지,구분없음
1168011200101400013,강남구,자곡동,140-13도,도로,26,0,군유지,구분없음
1168011200101410003,강남구,자곡동,141-3답,답,242,0,법인,구분없음
1168011200101410006,강남구,자곡동,141-6답,답,3339,0,국유지,중앙부처
1168011200101410007,강남구,자곡동,141-7답,답,1,0,국유지,중앙부처
1168011200101420005,강남구,자곡동,142-5답,답,24,0,국유지,중앙부처
1168011200101430000,강남구,자곡동,143답,답,2502,0,국유지,중앙부처
1168011200101440002,강남구,자곡동,144-2답,답,3281,0,법인,구분없음
1168011200101440003,강남구,자곡동,144-3답,답,88,0,국유지,구분없음
1168011200101440005,강남구,자곡동,144-5답,답,189,0,국유지,중앙부처
1168011200101440006,강남구,자곡동,144-6답,답,146,0,국유지,중앙부처
1168011200101440008,강남구,자곡동,144-8답,답,129,0,법인,구분없음
1168011200101440009,강남구,자곡동,144-9답,답,101,0,국유지,중앙부처
1168011200101440010,강남구,자곡동,144-10답,답,2645,0,국유지,중앙부처
1168011200101440011,강남구,자곡동,144-11답,답,303,0,국유지,중앙부처
1168011200101440012,강남구,자곡동,144-12답,답,20,0,국유지,중앙부처
1168011200101440013,강남구,자곡동,144-13철,철도용지,348,0,국유지,중앙부처
1168011200101440015,강남구,자곡동,144-15답,답,269,0,국유지,중앙부처
1168011200101440016,강남구,자곡동,144-16답,답,29,0,국유지,중앙부처
1168011200101450002,강남구,자곡동,145-2답,답,753,0,법인,구분없음
1168011200101450003,강남구,자곡동,145-3답,답,1454,0,법인,구분없음
1168011200101450008,강남구,자곡동,145-8답,답,11,0,국유지,중앙부처
1168011200101860016,강남구,자곡동,186-16잡,잡종지,38,0,법인,구분없음
1168011200101860018,강남구,자곡동,186-18잡,잡종지,25,0,군유지,구분없음
1168011200101900009,강남구,자곡동,190-9답,답,27,0,국유지,중앙부처
1168011200101900010,강남구,자곡동,190-10답,답,189,0,법인,구분없음
1168011200101900012,강남구,자곡동,190-12답,답,84,0,국유지,중앙부처
1168011200101910000,강남구,자곡동,191전,전,174,0,국유지,중앙부처
1168011200101910002,강남구,자곡동,191-2전,전,4,0,국유지,중앙부처
1168011200101910003,강남구,자곡동,191-3전,전,149,0,국유지,중앙부처
1168011200101920003,강남구,자곡동,192-3답,답,2000,0,국유지,중앙부처
1168011200101920004,강남구,자곡동,192-4도,도로,215,0,군유지,구분없음
1168011200101920005,강남구,자곡동,192-5답,답,3589,0,국유지,중앙부처
1168011200101920006,강남구,자곡동,192-6도,도로,113,0,국유지,중앙부처
1168011200101940004,강남구,자곡동,194-4도,도로,10,0,군유지,구분없음
1168011200101940012,강남구,자곡동,194-12도,도로,149,0,국유지,중앙부처
1168011200101940015,강남구,자곡동,194-15도,도로,91,0,군유지,구분없음
1168011200101950006,강남구,자곡동,195-6도,도로,9,0,국유지,중앙부처
1168011200102710005,강남구,자곡동,271-5공,공원,140.5,249400,개인,구분없음
1168011200103010002,강남구,자곡동,301-2답,답,9,517000,군유지,구분없음
1168011200103020010,강남구,자곡동,302-10임,임야,254,1708000,개인,구분없음
1168011200103020021,강남구,자곡동,302-21도,도로,24,553700,군유지,구분없음
1168011200104400195,강남구,자곡동,440-195잡,잡종지,9,854100,법인,구분없음
1168011200103430005,강남구,자곡동,343-5도,도로,4,0,시 도유지,지자체
1168011200103440006,강남구,자곡동,344-6전,전,428,0,법인,구분없음
1168011200103440008,강남구,자곡동,344-8답,답,67,0,법인,구분없음
1168011200104400188,강남구,자곡동,440-188잡,잡종지,8,896400,개인,구분없음
1168011200104400193,강남구,자곡동,440-193잡,잡종지,22,896400,개인,구분없음
1168011200104400003,강남구,자곡동,440-3잡,잡종지,18,1021000,법인,구분없음
1168011200104400021,강남구,자곡동,440-21잡,잡종지,4,854100,법인,구분없음
1168011200104400168,강남구,자곡동,440-168잡,잡종지,9,896400,개인,구분없음
1168011200104400173,강남구,자곡동,440-173잡,잡종지,26,973500,법인,구분없음
1168011200105880002,강남구,자곡동,588-2잡,잡종지,397,379000,법인,구분없음
1168011200105880003,강남구,자곡동,588-3잡,잡종지,350,377000,법인,구분없음
1168011200105880004,강남구,자곡동,588-4잡,잡종지,621,377000,법인,구분없음
1168011200105880007,강남구,자곡동,588-7잡,잡종지,684,399000,법인,구분없음
1168011200105880015,강남구,자곡동,588-15잡,잡종지,899,379000,법인,구분없음
1168011200105880016,강남구,자곡동,588-16잡,잡종지,218,379000,법인,구분없음
1168011200105880017,강남구,자곡동,588-17잡,잡종지,255,379000,법인,구분없음
1168011200105880018,강남구,자곡동,588-18잡,잡종지,2139,379000,법인,구분없음
1168011200105880019,강남구,자곡동,588-19잡,잡종지,493,379000,법인,구분없음
1168011200105880038,강남구,자곡동,588-38잡,잡종지,691,379000,법인,구분없음
1168011200105880039,강남구,자곡동,588-39잡,잡종지,198,379000,법인,구분없음
1168011200105940000,강남구,자곡동,594잡,잡종지,3300,1096000,군유지,구분없음
1168011200106030000,강남구,자곡동,603잡,잡종지,853.3,2674000,군유지,구분없음
1168011200106040000,강남구,자곡동,604잡,잡종지,11106.1,1357000,군유지,구분없음
1168011200106070000,강남구,자곡동,607공,공원,21560.9,1096000,군유지,구분없음
1168011200106080000,강남구,자곡동,608공,공원,24217,659600,군유지,구분없음
1168011200106080001,강남구,자곡동,608-1공,공원,30.1,659600,군유지,구분없음
1168011200106080002,강남구,자곡동,608-2공,공원,2090,659600,군유지,구분없음
1168011200106120000,강남구,자곡동,612잡,잡종지,1639.7,2674000,군유지,구분없음
1168011200106130000,강남구,자곡동,613잡,잡종지,1255.4,0,군유지,구분없음
1168011200106140000,강남구,자곡동,614잡,잡종지,283.6,2674000,군유지,구분없음
1168011200106150000,강남구,자곡동,615공,공원,38003.6,1096000,군유지,구분없음
1168011200106160000,강남구,자곡동,616잡,잡종지,988.1,1592000,군유지,구분없음
1168011200106220000,강남구,자곡동,622잡,잡종지,1416.5,2674000,군유지,구분없음
1168011200106240000,강남구,자곡동,624유,유지,4900.7,659600,군유지,구분없음
1168011200106250000,강남구,자곡동,625공,공원,5236.8,659600,군유지,구분없음
1168011200106270000,강남구,자곡동,627공,공원,10596.5,659600,군유지,구분없음
1168011200106390000,강남구,자곡동,639잡,잡종지,2166,1096000,군유지,구분없음
1168011200106400000,강남구,자곡동,640수,수도용지,150,1096000,군유지,구분없음
1168011200106410000,강남구,자곡동,641잡,잡종지,1038.5,1592000,군유지,구분없음
1168011200106450000,강남구,자곡동,645잡,잡종지,867.9,1592000,군유지,구분없음
1168011200106470000,강남구,자곡동,647공,공원,19739.5,1096000,군유지,구분없음
1168011200106730000,강남구,자곡동,673공,공원,150.3,2514000,군유지,구분없음
1168011200106750000,강남구,자곡동,675공,공원,891.8,2514000,군유지,구분없음
1168011200106770000,강남구,자곡동,677공,공원,3834,2514000,군유지,구분없음
1168011200106820000,강남구,자곡동,682공,공원,5511.5,2514000,군유지,구분없음
1168011200106830000,강남구,자곡동,683도,도로,82.2,2514000,군유지,구분없음
1168011200106840000,강남구,자곡동,684공,공원,2000.3,2514000,군유지,구분없음
1168011200106900000,강남구,자곡동,690공,공원,34978.9,659600,시 도유지,지자체
1168011200106910000,강남구,자곡동,691공,공원,3998.7,2514000,군유지,구분없음
1168011200106920000,강남구,자곡동,692도,도로,9,2514000,시 도유지,지자체
1168011200200030000,강남구,자곡동,산3임,임야,4308.56,95800,개인,구분없음
1168011300100880004,강남구,율현동,88-4전,전,66,0,법인,구분없음
1168011200200390001,강남구,자곡동,산39-1임,임야,88810,82000,국유지,중앙부처
1168011200200460001,강남구,자곡동,산46-1임,임야,23207,93100,국유지,중앙부처
1168011200200460043,강남구,자곡동,산46-43임,임야,283449,89900,법인,구분없음
1168011200200460045,강남구,자곡동,산46-45임,임야,75.5,68000,개인,구분없음
1168011300100650004,강남구,율현동,65-4천,하천,3,0,법인,구분없음
1168011300100660001,강남구,율현동,66-1잡,잡종지,391,0,법인,구분없음
1168011300100660002,강남구,율현동,66-2잡,잡종지,272,0,법인,구분없음
1168011300100660003,강남구,율현동,66-3전,전,110.5,0,법인,구분없음
1168011300100660005,강남구,율현동,66-5잡,잡종지,9,0,법인,구분없음
1168011300100670000,강남구,율현동,67전,전,1610,0,법인,구분없음
1168011300100680002,강남구,율현동,68-2전,전,1654,0,법인,구분없음
1168011300100680003,강남구,율현동,68-3전,전,1266,0,법인,구분없음
1168011300100680004,강남구,율현동,68-4전,전,8,0,법인,구분없음
1168011300100730000,강남구,율현동,73전,전,1296,0,법인,구분없음
1168011300100740001,강남구,율현동,74-1전,전,1970,0,법인,구분없음
1168011300100740002,강남구,율현동,74-2전,전,876,0,법인,구분없음
1168011300100740003,강남구,율현동,74-3전,전,2869,0,법인,구분없음
1168011300100740004,강남구,율현동,74-4전,전,2030,0,법인,구분없음
1168011300100750001,강남구,율현동,75-1전,전,1379,0,법인,구분없음
1168011300100770014,강남구,율현동,77-14전,전,661,0,법인,구분없음
1168011300100750002,강남구,율현동,75-2전,전,1736,0,법인,구분없음
1168011300100760000,강남구,율현동,76전,전,780,0,법인,구분없음
1168011300100760001,강남구,율현동,76-1전,전,992,0,법인,구분없음
1168011300100760004,강남구,율현동,76-4전,전,493,0,법인,구분없음
1168011300100760005,강남구,율현동,76-5전,전,436,0,법인,구분없음
1168011300100770001,강남구,율현동,77-1전,전,1038,0,법인,구분없음
1168011300100770002,강남구,율현동,77-2전,전,3012,0,법인,구분없음
1168011300100770003,강남구,율현동,77-3전,전,7,0,법인,구분없음
1168011300100770004,강남구,율현동,77-4전,전,468,0,법인,구분없음
1168011300100770005,강남구,율현동,77-5전,전,361,0,법인,구분없음
1168011300100770007,강남구,율현동,77-7전,전,974,0,법인,구분없음
1168011300100770009,강남구,율현동,77-9전,전,3117,0,법인,구분없음
1168011300100770011,강남구,율현동,77-11전,전,1371,0,법인,구분없음
1168011300100770012,강남구,율현동,77-12전,전,5,0,법인,구분없음
1168011300100770013,강남구,율현동,77-13전,전,661,0,법인,구분없음
1168011300100880002,강남구,율현동,88-2전,전,79,0,법인,구분없음
1168011300100770016,강남구,율현동,77-16전,전,2429,0,법인,구분없음
1168011300100770017,강남구,율현동,77-17도,도로,139.5,0,군유지,구분없음
1168011300100770018,강남구,율현동,77-18도,도로,11,0,법인,구분없음
1168011300100770026,강남구,율현동,77-26도,도로,374.5,0,군유지,구분없음
1168011300100780001,강남구,율현동,78-1전,전,1547,0,법인,구분없음
1168011300100790002,강남구,율현동,79-2전,전,581,0,법인,구분없음
1168011300100790003,강남구,율현동,79-3전,전,673,0,법인,구분없음
1168011300100800000,강남구,율현동,80전,전,1319,0,법인,구분없음
1168011300100810000,강남구,율현동,81전,전,939,0,법인,구분없음
1168011300100820000,강남구,율현동,82전,전,1391,0,법인,구분없음
1168011300100830000,강남구,율현동,83전,전,1180,0,법인,구분없음
1168011300100840001,강남구,율현동,84-1전,전,2506,0,법인,구분없음
1168011300100840003,강남구,율현동,84-3전,전,1083,0,법인,구분없음
1168011300100850002,강남구,율현동,85-2전,전,1855,0,법인,구분없음
1168011300100850004,강남구,율현동,85-4전,전,828,0,법인,구분없음
1168011300100860003,강남구,율현동,86-3전,전,23,0,법인,구분없음
1168011300100860006,강남구,율현동,86-6전,전,2872,0,법인,구분없음
1168011300100860007,강남구,율현동,86-7전,전,128,0,법인,구분없음
1168011300100860008,강남구,율현동,86-8전,전,6,0,법인,구분없음
1168011300100870000,강남구,율현동,87전,전,3749,0,법인,구분없음
1168011300100880001,강남구,율현동,88-1전,전,661,0,법인,구분없음
1168011300100880005,강남구,율현동,88-5전,전,36,0,법인,구분없음
1168011300100880006,강남구,율현동,88-6전,전,1322,0,법인,구분없음
1168011300100880007,강남구,율현동,88-7전,전,330.5,0,법인,구분없음
1168011300100880008,강남구,율현동,88-8전,전,847,0,법인,구분없음
1168011300100890001,강남구,율현동,89-1전,전,3874,0,법인,구분없음
1168011300100890002,강남구,율현동,89-2전,전,53,0,법인,구분없음
1168011300100890003,강남구,율현동,89-3전,전,486,0,법인,구분없음
1168011300100890004,강남구,율현동,89-4답,답,109,0,법인,구분없음
1168011300100890005,강남구,율현동,89-5전,전,407,0,법인,구분없음
1168011300100890006,강남구,율현동,89-6전,전,420,0,법인,구분없음
1168011300100900001,강남구,율현동,90-1답,답,317,0,법인,구분없음
1168011300100900002,강남구,율현동,90-2전,전,321,0,법인,구분없음
1168011300100900003,강남구,율현동,90-3전,전,661,0,법인,구분없음
1168011300100900004,강남구,율현동,90-4전,전,805,0,법인,구분없음
1168011300100900005,강남구,율현동,90-5전,전,721,0,법인,구분없음
1168011300100900006,강남구,율현동,90-6답,답,1081,0,법인,구분없음
1168011300100900007,강남구,율현동,90-7전,전,407,0,법인,구분없음
1168011300100900008,강남구,율현동,90-8답,답,10,0,법인,구분없음
1168011300100900009,강남구,율현동,90-9전,전,440,0,법인,구분없음
1168011300100900010,강남구,율현동,90-10전,전,152,0,법인,구분없음
1168011300100900011,강남구,율현동,90-11전,전,668,0,법인,구분없음
1168011300100910001,강남구,율현동,91-1잡,잡종지,143,0,법인,구분없음
1168011300100910002,강남구,율현동,91-2전,전,63,0,법인,구분없음
1168011300100910003,강남구,율현동,91-3잡,잡종지,165.5,0,법인,구분없음
1168011300100910004,강남구,율현동,91-4잡,잡종지,220.67,0,법인,구분없음
1168011300100910006,강남구,율현동,91-6잡,잡종지,121,0,법인,구분없음
1168011300100920002,강남구,율현동,92-2전,전,298,0,법인,구분없음
1168011300100920004,강남구,율현동,92-4잡,잡종지,931,0,법인,구분없음
1168011300100920005,강남구,율현동,92-5잡,잡종지,1613,0,법인,구분없음
1168011300100920006,강남구,율현동,92-6잡,잡종지,389.33,0,법인,구분없음
1168011300100920008,강남구,율현동,92-8잡,잡종지,7,0,법인,구분없음
1168011300100920010,강남구,율현동,92-10잡,잡종지,401,0,법인,구분없음
1168011300100920011,강남구,율현동,92-11잡,잡종지,94,0,법인,구분없음
1168011300101030002,강남구,율현동,103-2답,답,3,0,법인,구분없음
1168011300101030003,강남구,율현동,103-3답,답,582,0,법인,구분없음
1168011300101030009,강남구,율현동,103-9임,임야,588,0,법인,구분없음
1168011300101030011,강남구,율현동,103-11임,임야,20,0,개인,구분없음
1168011300101030014,강남구,율현동,103-14답,답,609,0,법인,구분없음
1168011300101030015,강남구,율현동,103-15답,답,109.33,0,법인,구분없음
1168011300101040005,강남구,율현동,104-5전,전,2,0,법인,구분없음
1168011300101370002,강남구,율현동,137-2전,전,116,430300,개인,구분없음
1168011300101410021,강남구,율현동,141-21전,전,11,0,법인,구분없음
1168011300101420005,강남구,율현동,142-5답,답,674,0,법인,구분없음
1168011300101420009,강남구,율현동,142-9전,전,459.5,422800,개인,구분없음
1168011300101420010,강남구,율현동,142-10전,전,1269,422800,개인,구분없음
1168011300101420011,강남구,율현동,142-11전,전,922.5,422800,개인,구분없음
1168011300101420012,강남구,율현동,142-12전,전,1841,401300,개인,구분없음
1168011300101420015,강남구,율현동,142-15전,전,112,0,법인,구분없음
1168011300101420016,강남구,율현동,142-16전,전,106,0,법인,구분없음
1168011300101420017,강남구,율현동,142-17전,전,298,0,법인,구분없음
1168011300101420018,강남구,율현동,142-18전,전,871,0,법인,구분없음
1168011300101460022,강남구,율현동,146-22답,답,453,0,법인,구분없음
1168011300101430001,강남구,율현동,143-1전,전,786,0,법인,구분없음
1168011300101440001,강남구,율현동,144-1전,전,291,422800,개인,구분없음
1168011300101440002,강남구,율현동,144-2전,전,33.57,422800,개인,구분없음
1168011300101440003,강남구,율현동,144-3제,제방,80.33,488500,개인,구분없음
1168011300101440004,강남구,율현동,144-4제,제방,221,488500,개인,구분없음
1168011300101440005,강남구,율현동,144-5제,제방,162,401300,개인,구분없음
1168011300101450001,강남구,율현동,145-1답,답,76,401300,개인,구분없음
1168011300101450002,강남구,율현동,145-2답,답,575,422800,개인,구분없음
1168011300101450003,강남구,율현동,145-3전,전,2588,401300,개인,구분없음
1168011300101450004,강남구,율현동,145-4답,답,330.5,401300,개인,구분없음
1168011300101450005,강남구,율현동,145-5답,답,771,401300,개인,구분없음
1168011300101450006,강남구,율현동,145-6답,답,661,422800,개인,구분없음
1168011300101460002,강남구,율현동,146-2답,답,327,0,법인,구분없음
1168011300101460003,강남구,율현동,146-3답,답,693,0,법인,구분없음
1168011300101460004,강남구,율현동,146-4답,답,1478,0,법인,구분없음
1168011300101460005,강남구,율현동,146-5답,답,1336,0,법인,구분없음
1168011300101460006,강남구,율현동,146-6답,답,861,0,법인,구분없음
1168011300101460007,강남구,율현동,146-7답,답,340,0,법인,구분없음
1168011300101460012,강남구,율현동,146-12답,답,405.67,488500,개인,구분없음
1168011300101460013,강남구,율현동,146-13답,답,370,488500,개인,구분없음
1168011300101460014,강남구,율현동,146-14답,답,572,488500,개인,구분없음
1168011300101460015,강남구,율현동,146-15답,답,325.5,401300,개인,구분없음
1168011300101460016,강남구,율현동,146-16답,답,2.31,401300,개인,구분없음
1168011300101460017,강남구,율현동,146-17답,답,655,401300,개인,구분없음
1168011300101460018,강남구,율현동,146-18답,답,1025,0,법인,구분없음
1168011300101460019,강남구,율현동,146-19답,답,1183,0,법인,구분없음
1168011300101460020,강남구,율현동,146-20답,답,2968,0,법인,구분없음
1168011300101460021,강남구,율현동,146-21답,답,430,0,법인,구분없음
1168011300101460023,강남구,율현동,146-23답,답,2155,0,법인,구분없음
1168011300101460028,강남구,율현동,146-28답,답,462.67,481800,개인,구분없음
1168011300101460029,강남구,율현동,146-29답,답,225.5,481800,개인,구분없음
1168011300101460030,강남구,율현동,146-30답,답,461,481800,개인,구분없음
1168011300101460031,강남구,율현동,146-31답,답,985,481800,개인,구분없음
1168011300101460034,강남구,율현동,146-34답,답,992,0,법인,구분없음
1168011300101460035,강남구,율현동,146-35답,답,285,0,법인,구분없음
1168011300101460036,강남구,율현동,146-36답,답,1322,481800,개인,구분없음
1168011300101460037,강남구,율현동,146-37답,답,1322,481800,개인,구분없음
1168011300101460038,강남구,율현동,146-38답,답,1322,457600,개인,구분없음
1168011300101460039,강남구,율현동,146-39답,답,692,0,법인,구분없음
1168011300101460040,강남구,율현동,146-40답,답,661,0,법인,구분없음
1168011300101460041,강남구,율현동,146-41답,답,327.5,422800,개인,구분없음
1168011300101460042,강남구,율현동,146-42답,답,654,422800,개인,구분없음
1168011300101460043,강남구,율현동,146-43답,답,654,401300,개인,구분없음
1168011300101460044,강남구,율현동,146-44답,답,912,0,법인,구분없음
1168011300101460045,강남구,율현동,146-45답,답,362,0,법인,구분없음
1168011300101490002,강남구,율현동,149-2천,하천,460,0,법인,구분없음
1168011300101500003,강남구,율현동,150-3답,답,26,0,법인,구분없음
1168011300101510006,강남구,율현동,151-6답,답,263,0,법인,구분없음
1168011300101520005,강남구,율현동,152-5전,전,318,0,법인,구분없음
1168011300101570001,강남구,율현동,157-1전,전,283,250300,군유지,구분없음
1168011300101620000,강남구,율현동,162답,답,1150,0,법인,구분없음
1168011300101630000,강남구,율현동,163전,전,826.33,0,법인,구분없음
1168011300101630002,강남구,율현동,163-2도,도로,421,0,군유지,구분없음
1168011300101640000,강남구,율현동,164전,전,110,0,법인,구분없음
1168011300101650001,강남구,율현동,165-1답,답,1264,0,법인,구분없음
1168011300101650003,강남구,율현동,165-3답,답,790,0,법인,구분없음
1168011300101650004,강남구,율현동,165-4답,답,2155,0,법인,구분없음
1168011300101700001,강남구,율현동,170-1천,하천,1712.5,0,법인,구분없음
1168011300101920015,강남구,율현동,192-15도,도로,212,0,법인,구분없음
1168011300101920016,강남구,율현동,192-16도,도로,72.5,0,법인,구분없음
1168011300101920024,강남구,율현동,192-24구,구거,64,0,법인,구분없음
1168011300102530001,강남구,율현동,253-1전,전,52,0,법인,구분없음
1168011300102540003,강남구,율현동,254-3답,답,329,0,법인,구분없음
1168011300102540007,강남구,율현동,254-7도,도로,102,0,군유지,구분없음
1168011300102550002,강남구,율현동,255-2전,전,56,0,법인,구분없음
1168011300102550007,강남구,율현동,255-7전,전,262,0,법인,구분없음
1168011300102560001,강남구,율현동,256-1전,전,50,0,법인,구분없음
1168011300102560002,강남구,율현동,256-2전,전,40,0,법인,구분없음
1168011300102590002,강남구,율현동,259-2대,대,204,0,법인,구분없음
1168011300102590003,강남구,율현동,259-3잡,잡종지,15,0,법인,구분없음
1168011300102590005,강남구,율현동,259-5대,대,220,0,법인,구분없음
1168011300102610005,강남구,율현동,261-5전,전,379,0,법인,구분없음
1168011300102640000,강남구,율현동,264답,답,12,0,법인,구분없음
1168011300102640004,강남구,율현동,264-4답,답,1.5,0,개인,구분없음
1168011300102650000,강남구,율현동,265답,답,123,0,법인,구분없음
1168011300102680005,강남구,율현동,268-5답,답,42,0,법인,구분없음
1168011300103530000,강남구,율현동,353도,도로,937.3,1261000,군유지,구분없음
1168011300103540000,강남구,율현동,354공,공원,5698.5,1365000,군유지,구분없음
1168011300103560000,강남구,율현동,356공,공원,485.2,1365000,군유지,구분없음
1168011300104020000,강남구,율현동,402공,공원,822.9,1365000,군유지,구분없음
1168011300104060000,강남구,율현동,406공,공원,4401.6,1365000,군유지,구분없음
1168011300104350000,강남구,율현동,435공,공원,223.3,1365000,군유지,구분없음
1168011300104680000,강남구,율현동,468공,공원,1691.9,1365000,군유지,구분없음
1168011300104690000,강남구,율현동,469도,도로,674.1,1365000,군유지,구분없음
1168011300105010000,강남구,율현동,501공,공원,2127.6,1571000,군유지,구분없음
1168011300105140000,강남구,율현동,514공,공원,1374.2,2514000,군유지,구분없음
1168011300105440000,강남구,율현동,544도,도로,628.1,1365000,군유지,구분없음
1168011300105160000,강남구,율현동,516공,공원,2130.6,2514000,군유지,구분없음
1168011300105210000,강남구,율현동,521도,도로,60.6,2514000,군유지,구분없음
1168011300105230000,강남구,율현동,523도,도로,600.6,2514000,군유지,구분없음
1168011300105280000,강남구,율현동,528공,공원,587.4,1096000,시 도유지,지자체
1168011300105380000,강남구,율현동,538공,공원,52145.3,1096000,시 도유지,지자체
1168011300105300000,강남구,율현동,530대,대,715.8,11440000,법인,구분없음
1168011300105310000,강남구,율현동,531대,대,716.2,11440000,법인,구분없음
1168011300105320000,강남구,율현동,532대,대,238.67,11440000,개인,구분없음
1168011300105330000,강남구,율현동,533대,대,716,11440000,종교단체,구분없음
1168011300105340000,강남구,율현동,534대,대,714.7,11440000,종교단체,구분없음
1168011300105350000,강남구,율현동,535대,대,714.5,11440000,법인,구분없음
1168011300105360000,강남구,율현동,536대,대,714.6,11000000,개인,구분없음
1168011300105370000,강남구,율현동,537도,도로,1366,2514000,군유지,구분없음
1168011300105450000,강남구,율현동,545공,공원,3541.5,1365000,군유지,구분없음
1168011300105460000,강남구,율현동,546차,주차장,219.57,3890000,개인,구분없음
1168011300105470000,강남구,율현동,547도,도로,179.8,1365000,군유지,구분없음
1168011300105480000,강남구,율현동,548공,공원,4685.5,1365000,군유지,구분없음
1168011300105490000,강남구,율현동,549도,도로,10.9,1365000,군유지,구분없음
1168011300200100002,강남구,율현동,산10-2임,임야,28426,38600,군유지,구분없음
1168011300200140003,강남구,율현동,산14-3임,임야,198,0,법인,구분없음
1168011400100450006,강남구,일원동,45-6도,도로,38,274800,시 도유지,지자체
1168011400101600000,강남구,일원동,160임,임야,322,181900,개인,구분없음
1168011400101610000,강남구,일원동,161전,전,820,492500,법인,구분없음
1168011400101890000,강남구,일원동,189공,공원,10279,124200,시 도유지,지자체
1168011400102360002,강남구,일원동,236-2답,답,207,309000,시 도유지,지자체
1168011400102360003,강남구,일원동,236-3전,전,29,359000,개인,구분없음
1168011400102360004,강남구,일원동,236-4답,답,148.75,359000,개인,구분없음
1168011400102360009,강남구,일원동,236-9답,답,50,294300,시 도유지,지자체
1168011400102360010,강남구,일원동,236-10답,답,231,294300,시 도유지,지자체
1168011400102360011,강남구,일원동,236-11답,답,19.75,359000,개인,구분없음
1168011400102360014,강남구,일원동,236-14구,구거,101,359000,국유지,중앙부처
1168011400102360016,강남구,일원동,236-16답,답,2,294300,시 도유지,지자체
1168011400102460001,강남구,일원동,246-1답,답,446,376500,시 도유지,지자체
1168011400102460002,강남구,일원동,246-2전,전,641,376500,시 도유지,지자체
1168011400102460003,강남구,일원동,246-3전,전,241,395300,시 도유지,지자체
1168011400102460004,강남구,일원동,246-4전,전,1243,376500,시 도유지,지자체
1168011400102460005,강남구,일원동,246-5전,전,695,376500,시 도유지,지자체
1168011400102460006,강남구,일원동,246-6전,전,1111,376500,시 도유지,지자체
1168011400102460008,강남구,일원동,246-8전,전,202,376500,시 도유지,지자체
1168011400102460009,강남구,일원동,246-9전,전,651,395300,시 도유지,지자체
1168011400102460010,강남구,일원동,246-10답,답,255,376500,시 도유지,지자체
1168011400102460011,강남구,일원동,246-11전,전,139,288500,국유지,중앙부처
1168011400102460012,강남구,일원동,246-12전,전,552,313500,국유지,중앙부처
1168011400102460013,강남구,일원동,246-13전,전,1702,376500,시 도유지,지자체
1168011400102460014,강남구,일원동,246-14전,전,102,395300,시 도유지,지자체
1168011400102460016,강남구,일원동,246-16답,답,159,376500,시 도유지,지자체
1168011400102460017,강남구,일원동,246-17전,전,251,395300,시 도유지,지자체
1168011400102460018,강남구,일원동,246-18전,전,367,395300,시 도유지,지자체
1168011400102460023,강남구,일원동,246-23전,전,179,395300,시 도유지,지자체
1168011400102990010,강남구,일원동,299-10도,도로,69,335000,시 도유지,지자체
1168011400103010000,강남구,일원동,301전,전,491,458900,개인,구분없음
1168011400103010001,강남구,일원동,301-1구,구거,202,458900,군유지,구분없음
1168011400103040000,강남구,일원동,304전,전,126,481900,개인,구분없음
1168011400103050000,강남구,일원동,305전,전,893,458900,법인,구분없음
1168011400103060000,강남구,일원동,306전,전,1230,458900,개인,구분없음
1168011400103070000,강남구,일원동,307전,전,2033,458900,개인,구분없음
1168011400103080000,강남구,일원동,308전,전,114,481900,시 도유지,지자체
1168011400103090000,강남구,일원동,309전,전,204,458900,종중,구분없음
1168011400103460000,강남구,일원동,346전,전,27,376500,시 도유지,지자체
1168011400103470000,강남구,일원동,347대,대,134,444200,시 도유지,지자체
1168011400103480000,강남구,일원동,348전,전,169,376500,국유지,중앙부처
1168011400103490000,강남구,일원동,349전,전,155,376500,시 도유지,지자체
1168011400103500000,강남구,일원동,350답,답,1002,376500,시 도유지,지자체
1168011400103510000,강남구,일원동,351대,대,150,444200,시 도유지,지자체
1168011400104330001,강남구,일원동,433-1답,답,35.2,376500,시 도유지,지자체
1168011400104330002,강남구,일원동,433-2답,답,0.5,376500,시 도유지,지자체
1168011400103510001,강남구,일원동,351-1구,구거,1594,376500,시 도유지,지자체
1168011400103510002,강남구,일원동,351-2도,도로,110,376500,군유지,구분없음
1168011400103510008,강남구,일원동,351-8구,구거,406,376500,시 도유지,지자체
1168011400103710000,강남구,일원동,371전,전,5,376500,시 도유지,지자체
1168011400103710001,강남구,일원동,371-1전,전,17,376500,시 도유지,지자체
1168011400103710002,강남구,일원동,371-2전,전,2,376500,시 도유지,지자체
1168011400103720000,강남구,일원동,372전,전,71,395300,시 도유지,지자체
1168011400104220001,강남구,일원동,422-1구,구거,1686,115800,군유지,구분없음
1168011400104220005,강남구,일원동,422-5구,구거,58,124200,군유지,구분없음
1168011400104290000,강남구,일원동,429전,전,310,469700,개인,구분없음
1168011400104290002,강남구,일원동,429-2전,전,34,429200,시 도유지,지자체
1168011400104320002,강남구,일원동,432-2전,전,161,395300,시 도유지,지자체
1168011400104320003,강남구,일원동,432-3전,전,1,376500,시 도유지,지자체
1168011400104330000,강남구,일원동,433답,답,36.5,429200,시 도유지,지자체
1168011400104330003,강남구,일원동,433-3답,답,162,395300,시 도유지,지자체
1168011400104340001,강남구,일원동,434-1전,전,1086,376500,시 도유지,지자체
1168011400104340002,강남구,일원동,434-2대,대,288,1500000,시 도유지,지자체
1168011400104340003,강남구,일원동,434-3대,대,19,444200,시 도유지,지자체
1168011400104340004,강남구,일원동,434-4전,전,54,395300,시 도유지,지자체
1168011400104350000,강남구,일원동,435전,전,734,297800,시 도유지,지자체
1168011400104360000,강남구,일원동,436전,전,417,376500,시 도유지,지자체
1168011400104360001,강남구,일원동,436-1전,전,2824,376500,시 도유지,지자체
1168011400104360002,강남구,일원동,436-2전,전,152,376500,시 도유지,지자체
1168011400104360003,강남구,일원동,436-3전,전,869,288500,시 도유지,지자체
1168011400104360004,강남구,일원동,436-4전,전,66,288500,시 도유지,지자체
1168011400104360005,강남구,일원동,436-5전,전,357,288500,시 도유지,지자체
1168011400104360006,강남구,일원동,436-6전,전,2400,313500,군유지,구분없음
1168011400104360007,강남구,일원동,436-7전,전,118,313500,개인,구분없음
1168011400104360008,강남구,일원동,436-8답,답,33,288500,시 도유지,지자체
1168011400104360009,강남구,일원동,436-9답,답,179,288500,국유지,중앙부처
1168011400104360010,강남구,일원동,436-10전,전,99,376500,시 도유지,지자체
1168011400104360011,강남구,일원동,436-11전,전,63,305800,시 도유지,지자체
1168011400104360012,강남구,일원동,436-12전,전,364,288500,시 도유지,지자체
1168011400104360013,강남구,일원동,436-13전,전,202,302900,국유지,중앙부처
1168011400104360014,강남구,일원동,436-14전,전,281,313500,개인,구분없음
1168011400104360015,강남구,일원동,436-15전,전,2284,288500,국유지,중앙부처
1168011400104360019,강남구,일원동,436-19전,전,241,376500,시 도유지,지자체
1168011400104360024,강남구,일원동,436-24전,전,69,376500,시 도유지,지자체
1168011400104360025,강남구,일원동,436-25전,전,882.5,364700,시 도유지,지자체
1168011400104360026,강남구,일원동,436-26전,전,172,376500,시 도유지,지자체
1168011400104360027,강남구,일원동,436-27전,전,334,302900,시 도유지,지자체
1168011400104360028,강남구,일원동,436-28답,답,238,288500,시 도유지,지자체
1168011400104360029,강남구,일원동,436-29답,답,132,288500,시 도유지,지자체
1168011400104360030,강남구,일원동,436-30답,답,383,288500,시 도유지,지자체
1168011400104360031,강남구,일원동,436-31답,답,2367,288500,시 도유지,지자체
1168011400104360032,강남구,일원동,436-32답,답,364,288500,시 도유지,지자체
1168011400104360033,강남구,일원동,436-33답,답,631,288500,시 도유지,지자체
1168011400104360034,강남구,일원동,436-34답,답,33,302900,시 도유지,지자체
1168011400104360037,강남구,일원동,436-37전,전,99,358700,시 도유지,지자체
1168011400104360038,강남구,일원동,436-38전,전,2621,288500,국유지,중앙부처
1168011400104370000,강남구,일원동,437답,답,1567,364800,시 도유지,지자체
1168011400104380000,강남구,일원동,438대,대,195,411400,종교단체,구분없음
1168011400104390000,강남구,일원동,439전,전,145,313500,종교단체,구분없음
1168011400104400000,강남구,일원동,440전,전,33,313500,종교단체,구분없음
1168011400104410000,강남구,일원동,441전,전,2096,313500,종교단체,구분없음
1168011400104410001,강남구,일원동,441-1구,구거,390,313500,군유지,구분없음
1168011400104410002,강남구,일원동,441-2도,도로,76,313500,군유지,구분없음
1168011400104420000,강남구,일원동,442종,종교용지,721,313500,종교단체,구분없음
1168011400104430000,강남구,일원동,443전,전,36,313500,종교단체,구분없음
1168011400104440000,강남구,일원동,444전,전,526,313500,종교단체,구분없음
1168011400106210000,강남구,일원동,621공,공원,14089.9,2057000,군유지,구분없음
1168011400106880002,강남구,일원동,688-2공,공원,3009,2313000,법인,구분없음
1168011400106900000,강남구,일원동,690공,공원,11410.3,2498000,군유지,구분없음
1168011400106930000,강남구,일원동,693공,공원,5580.8,2313000,시 도유지,지자체
1168011400106970001,강남구,일원동,697-1도,도로,2805.4,191500,시 도유지,지자체
1168011400106980000,강남구,일원동,698도,도로,2655.9,2313000,시 도유지,지자체
1168011400106990000,강남구,일원동,699도,도로,7955.2,2313000,시 도유지,지자체
1168011400107110003,강남구,일원동,711-3공,공원,24713.8,2273000,시 도유지,지자체
1168011400107120004,강남구,일원동,712-4공,공원,1476.3,2273000,군유지,구분없음
1168011400107140001,강남구,일원동,714-1공,공원,445.4,448400,시 도유지,지자체
1168011400107150002,강남구,일원동,715-2공,공원,202.3,448400,시 도유지,지자체
1168011400107150003,강남구,일원동,715-3공,공원,119.4,448400,시 도유지,지자체
1168011400107160001,강남구,일원동,716-1공,공원,1500.1,2154000,군유지,구분없음
1168011400107180001,강남구,일원동,718-1공,공원,1500.6,2154000,군유지,구분없음
1168011400107300001,강남구,일원동,730-1공,공원,2792.4,448400,시 도유지,지자체
1168011400107300002,강남구,일원동,730-2공,공원,1825.7,2154000,군유지,구분없음
1168011400107300003,강남구,일원동,730-3공,공원,4453.6,2154000,군유지,구분없음
1168011400107320000,강남구,일원동,732공,공원,12878.4,448400,군유지,구분없음
1168011400107320003,강남구,일원동,732-3공,공원,6405.3,448400,시 도유지,지자체
1168011400107320004,강남구,일원동,732-4공,공원,1500,2154000,군유지,구분없음
1168011400107370002,강남구,일원동,737-2공,공원,836.4,448400,시 도유지,지자체
1168011400107340001,강남구,일원동,734-1공,공원,1500.4,2154000,군유지,구분없음
1168011400107350001,강남구,일원동,735-1공,공원,1501,2154000,군유지,구분없음
1168011800101480000,강남구,도곡동,148전,전,278,599700,법인,구분없음
1168011400107360001,강남구,일원동,736-1공,공원,3259.4,448400,군유지,구분없음
1168011400107390001,강남구,일원동,739-1공,공원,1109.1,448400,시 도유지,지자체
1168011400107410004,강남구,일원동,741-4공,공원,761.9,2313000,군유지,구분없음
1168011400107410005,강남구,일원동,741-5공,공원,1466.3,2313000,군유지,구분없음
1168011400107420001,강남구,일원동,742-1공,공원,656.9,2313000,군유지,구분없음
1168011400107430001,강남구,일원동,743-1공,공원,1861.4,3679000,군유지,구분없음
1168011400107430002,강남구,일원동,743-2공,공원,4126.7,3679000,군유지,구분없음
1168011400200240001,강남구,일원동,산24-1임,임야,765,154000,법인,구분없음
1168011400200240002,강남구,일원동,산24-2임,임야,956,166700,법인,구분없음
1168011400200250000,강남구,일원동,산25전,전,396.5,194400,개인,구분없음
1168011400200630032,강남구,일원동,산63-32임,임야,26594,76800,국유지,구분없음
1168011400200260002,강남구,일원동,산26-2임,임야,17973,161800,법인,구분없음
1168011400200260005,강남구,일원동,산26-5임,임야,1369,183200,시 도유지,지자체
1168011400200280001,강남구,일원동,산28-1임,임야,785,168900,개인,구분없음
1168011400200280013,강남구,일원동,산28-13임,임야,654.5,168900,개인,구분없음
1168011400200280014,강남구,일원동,산28-14임,임야,140.25,168900,개인,구분없음
1168011400200320000,강남구,일원동,산32임,임야,298,168200,개인,구분없음
1168011400200330000,강남구,일원동,산33임,임야,2962,168200,국유지,중앙부처
1168011400200340000,강남구,일원동,산34임,임야,18348,161800,국유지,중앙부처
1168011400200350000,강남구,일원동,산35전,전,260,194400,개인,구분없음
1168011400200360001,강남구,일원동,산36-1임,임야,60,168200,시 도유지,지자체
1168011400200380001,강남구,일원동,산38-1임,임야,743.56,163300,개인,구분없음
1168011400200380002,강남구,일원동,산38-2임,임야,1826,168200,개인,구분없음
1168011400200400000,강남구,일원동,산40임,임야,296,168200,개인,구분없음
1168011400200410000,강남구,일원동,산41임,임야,7037,165000,종중,구분없음
1168011400200410001,강남구,일원동,산41-1임,임야,6252,244700,종중,구분없음
1168011400200430000,강남구,일원동,산43임,임야,4264,221300,종중,구분없음
1168011400200460000,강남구,일원동,산46임,임야,50,166700,개인,구분없음
1168011400200460001,강남구,일원동,산46-1도,도로,30,173300,국유지,중앙부처
1168011400200480000,강남구,일원동,산48임,임야,562,210100,국유지,중앙부처
1168011400200500000,강남구,일원동,산50임,임야,3824,200200,개인,구분없음
1168011400200630028,강남구,일원동,산63-28임,임야,35207,75500,국유지,중앙부처
1168011400200520001,강남구,일원동,산52-1임,임야,4405.33,79200,개인,구분없음
1168011400200520009,강남구,일원동,산52-9임,임야,4947.78,79200,개인,구분없음
1168011400200520010,강남구,일원동,산52-10임,임야,7015,79200,개인,구분없음
1168011400200520013,강남구,일원동,산52-13임,임야,7600,80700,군유지,구분없음
1168011400200520014,강남구,일원동,산52-14임,임야,18000,95000,군유지,구분없음
1168011400200560000,강남구,일원동,산56임,임야,19792,158000,시 도유지,지자체
1168011800101500000,강남구,도곡동,150전,전,192,560900,군유지,구분없음
1168011400200630001,강남구,일원동,산63-1임,임야,7603.67,80200,개인,구분없음
1168011400200630031,강남구,일원동,산63-31임,임야,1414.4,77100,개인,구분없음
1168011400200520015,강남구,일원동,산52-15임,임야,7745,84000,시 도유지,지자체
1168011400200520016,강남구,일원동,산52-16임,임야,20396,99900,시 도유지,지자체
1168011400200530000,강남구,일원동,산53임,임야,333,171000,시 도유지,지자체
1168011400200540001,강남구,일원동,산54-1임,임야,1977,171000,시 도유지,지자체
1168011400200540002,강남구,일원동,산54-2임,임야,1983,171000,시 도유지,구분없음
1168011400200550000,강남구,일원동,산55임,임야,1223,168000,시 도유지,지자체
1168011400200630036,강남구,일원동,산63-36임,임야,67757,74700,개인,구분없음
1168011400200630039,강남구,일원동,산63-39임,임야,12954,77100,개인,구분없음
1168011400200630048,강남구,일원동,산63-48임,임야,27417,76300,국유지,구분없음
1168011400200630049,강남구,일원동,산63-49임,임야,9394,97600,개인,구분없음
1168011400200630050,강남구,일원동,산63-50임,임야,4129,97600,개인,구분없음
1168011400200630051,강남구,일원동,산63-51임,임야,2519,99500,군유지,구분없음
1168011400200630052,강남구,일원동,산63-52임,임야,1358,184000,시 도유지,지자체
1168011400200630053,강남구,일원동,산63-53임,임야,2670,99500,국유지,구분없음
1168011400200630054,강남구,일원동,산63-54임,임야,1020,99500,국유지,중앙부처
1168011400200630055,강남구,일원동,산63-55임,임야,642,115000,시 도유지,지자체
1168011400200630056,강남구,일원동,산63-56임,임야,3235,136000,시 도유지,지자체
1168011800105510000,강남구,도곡동,551공,공원,4273.4,1960000,시 도유지,지자체
1168011400200630057,강남구,일원동,산63-57임,임야,11069,130000,시 도유지,지자체
1168011400200630058,강남구,일원동,산63-58임,임야,6583,134000,국유지,구분없음
1168011400200630059,강남구,일원동,산63-59임,임야,3603,125700,국유지,구분없음
1168011400200630060,강남구,일원동,산63-60임,임야,10140,77100,국유지,구분없음
1168011400200630061,강남구,일원동,산63-61임,임야,867,78500,시 도유지,지자체
1168011400200630062,강남구,일원동,산63-62임,임야,6003,77100,국유지,구분없음
1168011400200630063,강남구,일원동,산63-63임,임야,850.8,110900,개인,구분없음
1168011400200630064,강남구,일원동,산63-64임,임야,1686,82400,시 도유지,지자체
1168011400200630065,강남구,일원동,산63-65임,임야,268.6,78500,개인,구분없음
1168011400200630066,강남구,일원동,산63-66임,임야,427,78500,시 도유지,지자체
1168011400200630067,강남구,일원동,산63-67임,임야,536,78500,시 도유지,지자체
1168011400200630068,강남구,일원동,산63-68임,임야,1186.6,77100,개인,구분없음
1168011500101550011,강남구,수서동,155-11천,하천,15,0,시 도유지,지자체
1168011500101550012,강남구,수서동,155-12천,하천,44,0,시 도유지,지자체
1168011500101910005,강남구,수서동,191-5답,답,38,0,국유지,중앙부처
1168011500101910006,강남구,수서동,191-6답,답,140,0,국유지,중앙부처
1168011500101930007,강남구,수서동,193-7답,답,22,0,국유지,중앙부처
1168011500101930008,강남구,수서동,193-8답,답,28,0,국유지,중앙부처
1168011500103290002,강남구,수서동,329-2도,도로,51,552700,국유지,중앙부처
1168011500103290021,강남구,수서동,329-21도,도로,1813,552700,시 도유지,지자체
1168011500103290034,강남구,수서동,329-34전,전,1,552700,국유지,중앙부처
1168011500103290035,강남구,수서동,329-35도,도로,137,552700,국유지,중앙부처
1168011500103560003,강남구,수서동,356-3도,도로,117,552700,시 도유지,지자체
1168011500103610029,강남구,수서동,361-29도,도로,152,552700,국유지,중앙부처
1168011500103610042,강남구,수서동,361-42도,도로,35,552700,국유지,중앙부처
1168011500103570000,강남구,수서동,357도,도로,41148,542100,시 도유지,지자체
1168011500103610010,강남구,수서동,361-10도,도로,16523,552700,시 도유지,지자체
1168011500103610020,강남구,수서동,361-20도,도로,727,0,국유지,중앙부처
1168011500103610021,강남구,수서동,361-21도,도로,31056,552700,시 도유지,지자체
1168011500103610025,강남구,수서동,361-25도,도로,17,552700,국유지,중앙부처
1168011500103610056,강남구,수서동,361-56도,도로,2476,552700,국유지,중앙부처
1168011500103610059,강남구,수서동,361-59도,도로,437,552700,국유지,중앙부처
1168011500103620022,강남구,수서동,362-22도,도로,162,542100,시 도유지,지자체
1168011500103620025,강남구,수서동,362-25전,전,435,542100,시 도유지,지자체
1168011500103620026,강남구,수서동,362-26도,도로,6353,542100,시 도유지,지자체
1168011500103690000,강남구,수서동,369답,답,2245,934000,종중,구분없음
1168011500103700000,강남구,수서동,370답,답,3067,934000,개인,구분없음
1168011500103700002,강남구,수서동,370-2답,답,343,1210000,시 도유지,지자체
1168011500103790005,강남구,수서동,379-5도,도로,509,542100,군유지,구분없음
1168011500105440010,강남구,수서동,544-10전,전,714,365500,개인,구분없음
1168011500105440011,강남구,수서동,544-11전,전,251,385000,개인,구분없음
1168011500105440013,강남구,수서동,544-13전,전,125.5,385000,개인,구분없음
1168011500105470001,강남구,수서동,547-1잡,잡종지,1947,479400,개인,구분없음
1168011500105470002,강남구,수서동,547-2임,임야,542.67,199900,개인,구분없음
1168011500105470005,강남구,수서동,547-5답,답,443.5,424500,개인,구분없음
1168011500105900000,강남구,수서동,590답,답,146,0,법인,구분없음
1168011500105910000,강남구,수서동,591답,답,330,0,법인,구분없음
1168011500105910001,강남구,수서동,591-1도,도로,42,0,군유지,구분없음
1168011500105910002,강남구,수서동,591-2답,답,14,0,법인,구분없음
1168011500105920000,강남구,수서동,592답,답,338,0,법인,구분없음
1168011500105920001,강남구,수서동,592-1도,도로,7,0,군유지,구분없음
1168011500105920003,강남구,수서동,592-3철,철도용지,130,0,법인,구분없음
1168011500105920004,강남구,수서동,592-4답,답,51,0,법인,구분없음
1168011500105930000,강남구,수서동,593답,답,1365,0,법인,구분없음
1168011500105950005,강남구,수서동,595-5천,하천,33,0,법인,구분없음
1168011500105950016,강남구,수서동,595-16천,하천,45,0,법인,구분없음
1168011500105950019,강남구,수서동,595-19천,하천,20.5,0,법인,구분없음
1168011500106010000,강남구,수서동,601답,답,731,0,법인,구분없음
1168011500106010003,강남구,수서동,601-3답,답,58,0,법인,구분없음
1168011500107070001,강남구,수서동,707-1공,공원,1500.4,2154000,군유지,구분없음
1168011500107070002,강남구,수서동,707-2공,공원,1836.4,2154000,시 도유지,지자체
1168011500107070004,강남구,수서동,707-4공,공원,8190.9,2154000,시 도유지,지자체
1168011500107120001,강남구,수서동,712-1공,공원,1418.8,2154000,군유지,구분없음
1168011500107130001,강남구,수서동,713-1공,공원,1071.1,2260000,시 도유지,지자체
1168011500107220000,강남구,수서동,722공,공원,10011,448400,군유지,구분없음
1168011500107230001,강남구,수서동,723-1공,공원,1500.1,2154000,군유지,구분없음
1168011500107240004,강남구,수서동,724-4공,공원,1262.7,2196000,시 도유지,지자체
1168011500107240005,강남구,수서동,724-5공,공원,7.4,2196000,시 도유지,지자체
1168011500107240006,강남구,수서동,724-6공,공원,46.1,2196000,시 도유지,지자체
1168011500107270000,강남구,수서동,727차,주차장,2963.5,4794000,시 도유지,지자체
1168011500107270002,강남구,수서동,727-2차,주차장,8.3,4794000,국유지,구분없음
1168011500107270003,강남구,수서동,727-3차,주차장,58.9,4794000,국유지,구분없음
1168011500107270004,강남구,수서동,727-4차,주차장,39.8,4794000,국유지,구분없음
1168011500107290001,강남구,수서동,729-1공,공원,6789.6,2154000,시 도유지,지자체
1168011500107290003,강남구,수서동,729-3공,공원,84.5,2154000,시 도유지,지자체
1168011500107360001,강남구,수서동,736-1공,공원,1500.2,2154000,군유지,구분없음
1168011500107450003,강남구,수서동,745-3공,공원,56.5,448400,시 도유지,지자체
1168011500107460001,강남구,수서동,746-1공,공원,1500.2,2154000,군유지,구분없음
1168011500107490000,강남구,수서동,749공,공원,41328.1,448400,군유지,구분없음
1168011500107650000,강남구,수서동,765공,공원,871,1866000,군유지,구분없음
1168011500107890000,강남구,수서동,789대,대,901.1,8134000,법인,구분없음
1168011500107900000,강남구,수서동,790대,도로,219.6,2733000,군유지,구분없음
1168011500107910000,강남구,수서동,791대,대,828,10500000,개인,구분없음
1168011500107920000,강남구,수서동,792공,공원,7898.1,2978000,군유지,구분없음
1168011500107940000,강남구,수서동,794공,공원,12027.3,1096000,군유지,구분없음
1168011500200030001,강남구,수서동,산3-1임,임야,7228.67,121900,개인,구분없음
1168011500107960000,강남구,수서동,796공,공원,1984.7,3126000,군유지,구분없음
1168011500108020000,강남구,수서동,802공,공원,14449,1096000,군유지,구분없음
1168011500200030024,강남구,수서동,산3-24임,임야,1835.38,99200,개인,구분없음
1168011500200040001,강남구,수서동,산4-1임,임야,278866,112400,시 도유지,지자체
1168011500200040012,강남구,수서동,산4-12임,임야,76,98600,시 도유지,지자체
1168011500200080017,강남구,수서동,산8-17도,도로,342,0,시 도유지,지자체
1168011500200080018,강남구,수서동,산8-18임,임야,539,0,법인,구분없음
1168011500200080021,강남구,수서동,산8-21임,임야,161,0,법인,구분없음
1168011500200080022,강남구,수서동,산8-22임,임야,1398,0,법인,구분없음
1168011800100560005,강남구,도곡동,56-5임,임야,173,169700,시 도유지,지자체
1168011800100560006,강남구,도곡동,56-6도,도로,69,169700,시 도유지,지자체
1168011800101470000,강남구,도곡동,147전,전,295,593600,시 도유지,지자체
1168011800101510001,강남구,도곡동,151-1구,구거,350,1313000,군유지,구분없음
1168011800101520009,강남구,도곡동,152-9공,공원,20,550400,군유지,구분없음
1168011800101530007,강남구,도곡동,153-7임,임야,252,550400,시 도유지,지자체
1168011800101530008,강남구,도곡동,153-8대,대,3,691800,시 도유지,지자체
1168011800101530009,강남구,도곡동,153-9임,임야,131,514400,시 도유지,지자체
1168011800101580002,강남구,도곡동,158-2전,전,266,560600,시 도유지,지자체
1168011800101590001,강남구,도곡동,159-1대,대,399,653200,시 도유지,지자체
1168011800101610001,강남구,도곡동,161-1공,공원,38,550400,법인,구분없음
1168011800101610002,강남구,도곡동,161-2공,공원,110,550400,법인,구분없음
1168011800101610003,강남구,도곡동,161-3공,공원,16,544700,법인,구분없음
1168011800101610004,강남구,도곡동,161-4공,공원,3,581200,법인,구분없음
1168011800101610005,강남구,도곡동,161-5공,공원,8,544700,법인,구분없음
1168011800101630000,강남구,도곡동,163대,대,851,5119000,군유지,구분없음
1168011800101630005,강남구,도곡동,163-5도,도로,23,5119000,군유지,구분없음
1168011800101900000,강남구,도곡동,190전,전,239,651300,군유지,구분없음
1168011800101910000,강남구,도곡동,191전,전,58,730400,군유지,구분없음
1168011800101910004,강남구,도곡동,191-4임,임야,215,2240000,군유지,구분없음
1168011800101910005,강남구,도곡동,191-5도,도로,110,2240000,군유지,구분없음
1168011800101990005,강남구,도곡동,199-5임,임야,164,5339000,개인,구분없음
1168011800101990019,강남구,도곡동,199-19임,임야,13,840200,시 도유지,지자체
1168011800102040000,강남구,도곡동,204공,공원,802,799900,시 도유지,구분없음
1168011800102040001,강남구,도곡동,204-1임,임야,707,799900,시 도유지,지자체
1168011800102040002,강남구,도곡동,204-2임,임야,378,799900,시 도유지,지자체
1168011800102070016,강남구,도곡동,207-16도,도로,3453,2240000,시 도유지,지자체
1168011800104110021,강남구,도곡동,411-21공,공원,607.5,2695000,시 도유지,지자체
1168011800104110023,강남구,도곡동,411-23공,공원,516.7,3155000,시 도유지,지자체
1168011800104150003,강남구,도곡동,415-3공,공원,1709.2,2564000,시 도유지,지자체
1168011800104550000,강남구,도곡동,455공,공원,1793.8,2564000,시 도유지,지자체
1168011800104610000,강남구,도곡동,461공,공원,10022.9,2564000,시 도유지,지자체
1168011800104620003,강남구,도곡동,462-3공,공원,272.3,3155000,시 도유지,지자체
1168011800104620004,강남구,도곡동,462-4공,공원,221.3,3155000,시 도유지,지자체
1168011800104620005,강남구,도곡동,462-5공,공원,18.3,3155000,시 도유지,지자체
1168011800104630002,강남구,도곡동,463-2공,공원,41.7,3155000,시 도유지,지자체
1168011800104640001,강남구,도곡동,464-1공,공원,1262.7,3155000,시 도유지,지자체
1168011800104640004,강남구,도곡동,464-4공,공원,124.5,3155000,시 도유지,지자체
1168011800104670001,강남구,도곡동,467-1공,공원,1442.4,2705000,시 도유지,지자체
1168011800104670003,강남구,도곡동,467-3공,공원,437.9,3155000,시 도유지,지자체
1168011800104670005,강남구,도곡동,467-5잡,잡종지,70.2,2695000,시 도유지,지자체
1168011800104680001,강남구,도곡동,468-1공,공원,2161.7,2240000,시 도유지,지자체
1168011800104680002,강남구,도곡동,468-2공,공원,4062.2,2240000,시 도유지,지자체
1168011800105270007,강남구,도곡동,527-7공,공원,6146.9,3828000,군유지,구분없음
1168011800105380004,강남구,도곡동,538-4공,공원,558.5,3705000,군유지,구분없음
1168011800105390006,강남구,도곡동,539-6공,공원,896.5,2127000,군유지,구분없음
1168011800105550000,강남구,도곡동,555공,공원,5433.8,2521000,시 도유지,지자체
1168011800105560033,강남구,도곡동,556-33도,도로,2857.6,2849000,시 도유지,지자체
1168011800105560037,강남구,도곡동,556-37도,도로,742,2285000,군유지,구분없음
1168011800108690021,강남구,도곡동,869-21전,전,284,628000,개인,구분없음
1168011800108690022,강남구,도곡동,869-22전,전,143,1289000,개인,구분없음
1168011800201250000,강남구,도곡동,산125임,임야,154,740200,시 도유지,지자체
1168011800108970001,강남구,도곡동,897-1전,전,593,2240000,시 도유지,지자체
1168011800108990004,강남구,도곡동,899-4전,전,25,2240000,시 도유지,지자체
1168011800109050003,강남구,도곡동,905-3잡,잡종지,5,2240000,시 도유지,지자체
1168011800201300000,강남구,도곡동,산130임,임야,124,747900,시 도유지,지자체
1168011800109350020,강남구,도곡동,935-20임,임야,0.97,14300000,개인,구분없음
1168011800201320001,강남구,도곡동,산132-1임,임야,217,740200,군유지,구분없음
1168011800201330000,강남구,도곡동,산133임,임야,298,2240000,시 도유지,지자체
1168011800200320007,강남구,도곡동,산32-7임,임야,90,466200,시 도유지,지자체
1168011800109580034,강남구,도곡동,958-34도,도로,25.2,3155000,개인,구분없음
1168011800200280007,강남구,도곡동,산28-7임,임야,93,2598000,시 도유지,지자체
1168011800109670002,강남구,도곡동,967-2공,공원,809.5,2561000,군유지,구분없음
1168011800109670003,강남구,도곡동,967-3공,공원,1.5,2564000,군유지,구분없음
1168011800200060018,강남구,도곡동,산6-18임,임야,25514,493800,법인,구분없음
1168011800200060041,강남구,도곡동,산6-41임,임야,8007,498900,법인,구분없음
1168011800200230002,강남구,도곡동,산23-2임,임야,1190,514400,시 도유지,지자체
1168011800200290013,강남구,도곡동,산29-13임,임야,1190,550400,군유지,구분없음
1168011800200240001,강남구,도곡동,산24-1임,임야,4541,504100,시 도유지,지자체
1168011800200240009,강남구,도곡동,산24-9임,임야,1230,514400,시 도유지,지자체
1168011800200240010,강남구,도곡동,산24-10임,임야,602,514400,시 도유지,지자체
1168011800200260001,강남구,도곡동,산26-1임,임야,1060,514400,시 도유지,지자체
1168011800200260002,강남구,도곡동,산26-2임,임야,1587,514400,국유지,중앙부처
1168011800200260004,강남구,도곡동,산26-4임,임야,4661,504100,시 도유지,지자체
1168011800200260005,강남구,도곡동,산26-5임,임야,2713,509200,국유지,중앙부처
1168011800200260007,강남구,도곡동,산26-7임,임야,1514,783900,시 도유지,지자체
1168011800200280003,강남구,도곡동,산28-3임,임야,1856,509200,시 도유지,지자체
1168011800200280004,강남구,도곡동,산28-4임,임야,2452,2229000,군유지,구분없음
1168011800200290014,강남구,도곡동,산29-14임,임야,1091,550400,시 도유지,지자체
1168011800200290015,강남구,도곡동,산29-15임,임야,298,514400,시 도유지,지자체
1168011800200290016,강남구,도곡동,산29-16임,임야,298,504100,시 도유지,지자체
1168011800200290024,강남구,도곡동,산29-24임,임야,496,514400,시 도유지,지자체
1168011800200290025,강남구,도곡동,산29-25임,임야,7345,504100,시 도유지,지자체
1168011800200290033,강남구,도곡동,산29-33임,임야,397,514400,시 도유지,지자체
1168011800200290034,강남구,도곡동,산29-34임,임야,340,514400,시 도유지,지자체
1168011800200290035,강남구,도곡동,산29-35임,임야,397,514400,시 도유지,지자체
1168011800200290036,강남구,도곡동,산29-36임,임야,397,514400,시 도유지,지자체
1168011800200290046,강남구,도곡동,산29-46임,임야,397,550400,군유지,구분없음
1168011800200290052,강남구,도곡동,산29-52임,임야,762,509200,시 도유지,지자체
1168011800200290053,강남구,도곡동,산29-53임,임야,156,514400,시 도유지,지자체
1168011800200300001,강남구,도곡동,산30-1임,임야,1810,504100,시 도유지,지자체
1168011800200300002,강남구,도곡동,산30-2임,임야,1858,504100,시 도유지,지자체
1168011800200310001,강남구,도곡동,산31-1임,임야,11067,504600,시 도유지,지자체
1168011800200310003,강남구,도곡동,산31-3임,임야,18600,493800,군유지,구분없음
1168011800200310004,강남구,도곡동,산31-4임,임야,10500,502600,군유지,구분없음
1168011800200310006,강남구,도곡동,산31-6임,임야,720.5,485700,시 도유지,지자체
1168011800200310008,강남구,도곡동,산31-8임,임야,5800,456500,군유지,구분없음
1168011800200320002,강남구,도곡동,산32-2임,임야,3,466200,국유지,중앙부처
1168011800200320003,강남구,도곡동,산32-3임,임야,6400,456500,시 도유지,지자체
1168011800200320005,강남구,도곡동,산32-5임,임야,468,466200,시 도유지,지자체
1168011800200320006,강남구,도곡동,산32-6임,임야,6240,456500,시 도유지,지자체
1168011800200330000,강남구,도곡동,산33임,임야,10351,613900,군유지,구분없음
1168011800200340006,강남구,도곡동,산34-6임,임야,2326,485700,시 도유지,지자체
1168011800200340013,강남구,도곡동,산34-13임,임야,1207,485700,국유지,중앙부처
1168011800200340014,강남구,도곡동,산34-14임,임야,144.67,485700,시 도유지,지자체
1168011800200340017,강남구,도곡동,산34-17임,임야,921,485700,시 도유지,지자체
1168011800200350002,강남구,도곡동,산35-2임,임야,793,485700,시 도유지,지자체
1168011800200350010,강남구,도곡동,산35-10임,임야,720,485700,시 도유지,지자체
1168011800200390003,강남구,도곡동,산39-3임,임야,16620,833400,시 도유지,지자체
1168011800200450000,강남구,도곡동,산45임,임야,675,485700,시 도유지,지자체
1168011800200450002,강남구,도곡동,산45-2임,임야,123,740200,군유지,구분없음
1168011800200450005,강남구,도곡동,산45-5임,임야,595,485700,시 도유지,지자체
1168011800200460000,강남구,도곡동,산46임,임야,595,485700,시 도유지,지자체
1168011800201100000,강남구,도곡동,산110도,도로,11731,2240000,시 도유지,지자체
1168011800201610001,강남구,도곡동,산161-1임,임야,319,740200,군유지,구분없음
1168011800201640001,강남구,도곡동,산164-1임,임야,1233,740200,군유지,구분없음
1168011800201730000,강남구,도곡동,산173전,전,173,2240000,시 도유지,지자체
1168011800201750000,강남구,도곡동,산175임,임야,216,2240000,시 도유지,지자체
1168011800201760000,강남구,도곡동,산176임,임야,81,480800,시 도유지,지자체
1168011800201780001,강남구,도곡동,산178-1임,임야,5229,504100,군유지,구분없음
1168011800201790002,강남구,도곡동,산179-2임,임야,643,485700,시 도유지,지자체
1168011800201790005,강남구,도곡동,산179-5임,임야,909,485700,시 도유지,지자체
1168011800201790006,강남구,도곡동,산179-6임,임야,7033,475900,시 도유지,지자체
1168011800201810000,강남구,도곡동,산181임,임야,1707,792100,국유지,중앙부처
1168011800201820000,강남구,도곡동,산182임,임야,357,480800,국유지,중앙부처
